아주동 ( 경남 거제시 아주동 산164-1 거제시 옥포 유해대기측정소 ),,,,,,,,,,,,
,,,,,,,,,,,,
날짜,PM10,,PM2.5,,오존,,이산화질소,,일산화탄소,,아황산가스,
(년-월-일:시),(㎍/㎥),,(㎍/㎥),,(ppm),,(ppm),,(ppm),,(ppm),
,등급,1시간,등급,1시간,등급,1시간,등급,1시간,등급,1시간,등급,1시간
2024-04-30:24,좋음,16,좋음,7,보통,0.0464,좋음,0.0066,좋음,0.35,좋음,0.0023
2024-04-30:23,좋음,17,좋음,9,보통,0.0485,좋음,0.0073,좋음,0.35,좋음,0.0025
2024-04-30:22,좋음,21,좋음,12,보통,0.0513,좋음,0.0051,좋음,0.32,좋음,0.0019
2024-04-30:21,좋음,27,보통,17,보통,0.0499,좋음,0.0078,좋음,0.35,좋음,0.0020
2024-04-30:20,좋음,29,보통,22,보통,0.0529,좋음,0.0107,좋음,0.43,좋음,0.0022
2024-04-30:19,보통,33,보통,26,보통,0.0442,좋음,0.0179,좋음,0.46,좋음,0.0024
2024-04-30:18,보통,39,보통,30,보통,0.0389,좋음,0.0141,좋음,0.39,좋음,0.0022
2024-04-30:17,보통,36,보통,31,좋음,0.0246,보통,0.0376,좋음,0.38,좋음,0.0031
2024-04-30:16,보통,33,보통,26,좋음,0.0214,보통,0.0478,좋음,0.37,좋음,0.0034
2024-04-30:15,,,,,,,,,,,,
2024-04-30:14,좋음,27,보통,19,보통,0.0373,좋음,0.0258,좋음,0.37,좋음,0.0024
2024-04-30:13,좋음,27,보통,22,보통,0.0365,좋음,0.0202,좋음,0.36,좋음,0.0024
2024-04-30:12,좋음,28,보통,23,좋음,0.0303,좋음,0.0203,좋음,0.35,좋음,0.0023
2024-04-30:11,좋음,25,보통,20,좋음,0.0251,좋음,0.0228,좋음,0.38,좋음,0.0023
2024-04-30:10,좋음,20,좋음,13,좋음,0.0152,보통,0.0349,좋음,0.40,좋음,0.0026
2024-04-30:09,좋음,16,좋음,10,좋음,0.0225,좋음,0.0221,좋음,0.39,좋음,0.0021
2024-04-30:08,좋음,17,좋음,8,좋음,0.0298,좋음,0.0089,좋음,0.37,좋음,0.0019
2024-04-30:07,좋음,16,좋음,6,좋음,0.0266,좋음,0.0093,좋음,0.34,좋음,0.0019
2024-04-30:06,좋음,17,좋음,9,보통,0.0327,좋음,0.0054,좋음,0.33,좋음,0.0018
2024-04-30:05,좋음,15,좋음,10,보통,0.0374,좋음,0.0030,좋음,0.33,좋음,0.0018
2024-04-30:04,좋음,16,좋음,9,보통,0.0378,좋음,0.0040,좋음,0.33,좋음,0.0018
2024-04-30:03,좋음,16,좋음,7,보통,0.0367,좋음,0.0057,좋음,0.35,좋음,0.0019
2024-04-30:02,좋음,16,좋음,4,보통,0.0385,좋음,0.0043,좋음,0.35,좋음,0.0018
2024-04-30:01,좋음,13,좋음,5,보통,0.0391,좋음,0.0045,좋음,0.37,좋음,0.0018
2024-04-29:24,좋음,11,좋음,5,보통,0.0386,좋음,0.0058,좋음,0.36,좋음,0.0019
2024-04-29:23,좋음,11,좋음,3,보통,0.0436,좋음,0.0047,좋음,0.36,좋음,0.0018
2024-04-29:22,좋음,10,좋음,2,보통,0.0433,좋음,0.0068,좋음,0.35,좋음,0.0020
2024-04-29:21,좋음,11,좋음,3,보통,0.0440,좋음,0.0083,좋음,0.36,좋음,0.0020
2024-04-29:20,좋음,12,좋음,6,보통,0.0420,좋음,0.0117,좋음,0.37,좋음,0.0021
2024-04-29:19,좋음,14,좋음,10,보통,0.0401,좋음,0.0155,좋음,0.38,좋음,0.0023
2024-04-29:18,좋음,13,좋음,6,보통,0.0407,좋음,0.0162,좋음,0.41,좋음,0.0023
2024-04-29:17,좋음,12,좋음,7,좋음,0.0301,좋음,0.0292,좋음,0.38,좋음,0.0022
2024-04-29:16,좋음,14,좋음,9,보통,0.0321,좋음,0.0274,좋음,0.38,좋음,0.0022
2024-04-29:15,좋음,16,좋음,11,보통,0.0325,좋음,0.0276,좋음,0.38,좋음,0.0022
2024-04-29:14,좋음,19,좋음,14,보통,0.0382,좋음,0.0203,좋음,0.38,좋음,0.0021
2024-04-29:13,좋음,25,보통,16,보통,0.0354,좋음,0.0210,좋음,0.42,좋음,0.0021
2024-04-29:12,좋음,26,보통,16,보통,0.0322,좋음,0.0243,좋음,0.43,좋음,0.0021
2024-04-29:11,좋음,26,보통,19,보통,0.0328,좋음,0.0234,좋음,0.42,좋음,0.0021
2024-04-29:10,좋음,27,보통,24,보통,0.0382,좋음,0.0159,좋음,0.42,좋음,0.0021
2024-04-29:09,좋음,27,보통,26,보통,0.0392,좋음,0.0158,좋음,0.42,좋음,0.0020
2024-04-29:08,좋음,28,보통,20,보통,0.0438,좋음,0.0113,좋음,0.40,좋음,0.0020
2024-04-29:07,좋음,30,보통,21,보통,0.0424,좋음,0.0113,좋음,0.36,좋음,0.0020
2024-04-29:06,보통,36,보통,21,보통,0.0479,좋음,0.0069,좋음,0.36,좋음,0.0020
2024-04-29:05,보통,38,보통,21,보통,0.0493,좋음,0.0057,좋음,0.37,좋음,0.0022
2024-04-29:04,보통,38,보통,21,보통,0.0491,좋음,0.0075,좋음,0.38,좋음,0.0027
2024-04-29:03,보통,35,보통,21,보통,0.0537,좋음,0.0075,좋음,0.38,좋음,0.0032
2024-04-29:02,보통,33,보통,22,보통,0.0589,좋음,0.0057,좋음,0.35,좋음,0.0025
2024-04-29:01,보통,38,보통,18,보통,0.0613,좋음,0.0043,좋음,0.33,좋음,0.0020
2024-04-28:24,보통,41,보통,16,보통,0.0612,좋음,0.0054,좋음,0.34,좋음,0.0020
2024-04-28:23,보통,40,보통,19,보통,0.0600,좋음,0.0055,좋음,0.34,좋음,0.0021
2024-04-28:22,보통,36,보통,20,보통,0.0593,좋음,0.0064,좋음,0.36,좋음,0.0021
2024-04-28:21,좋음,29,보통,17,보통,0.0586,좋음,0.0089,좋음,0.37,좋음,0.0022
2024-04-28:20,좋음,25,좋음,13,보통,0.0597,좋음,0.0122,좋음,0.41,좋음,0.0023
2024-04-28:19,좋음,26,좋음,9,보통,0.0535,좋음,0.0153,좋음,0.38,좋음,0.0027
2024-04-28:18,좋음,27,좋음,11,보통,0.0555,좋음,0.0179,좋음,0.39,좋음,0.0030
2024-04-28:17,좋음,28,보통,17,보통,0.0807,좋음,0.0106,좋음,0.45,좋음,0.0030
2024-04-28:16,좋음,30,보통,22,보통,0.0854,좋음,0.0103,좋음,0.46,좋음,0.0031
2024-04-28:15,보통,35,보통,28,보통,0.0810,좋음,0.0116,좋음,0.46,좋음,0.0030
2024-04-28:14,보통,42,보통,33,보통,0.0757,좋음,0.0163,좋음,0.50,좋음,0.0034
2024-04-28:13,보통,50,나쁨,39,보통,0.0630,좋음,0.0241,좋음,0.54,좋음,0.0039
2024-04-28:12,보통,51,나쁨,41,보통,0.0461,보통,0.0311,좋음,0.53,좋음,0.0040
2024-04-28:11,보통,50,나쁨,37,보통,0.0357,보통,0.0345,좋음,0.57,좋음,0.0040
2024-04-28:10,보통,46,보통,27,보통,0.0337,보통,0.0355,좋음,0.55,좋음,0.0042
2024-04-28:09,보통,40,보통,21,보통,0.0422,좋음,0.0236,좋음,0.52,좋음,0.0038
2024-04-28:08,보통,36,보통,19,보통,0.0492,좋음,0.0141,좋음,0.51,좋음,0.0028
2024-04-28:07,보통,33,보통,21,보통,0.0528,좋음,0.0098,좋음,0.45,좋음,0.0024
2024-04-28:06,보통,34,보통,21,보통,0.0560,좋음,0.0075,좋음,0.45,좋음,0.0026
2024-04-28:05,보통,32,보통,17,보통,0.0550,좋음,0.0072,좋음,0.46,좋음,0.0026
2024-04-28:04,보통,32,보통,17,보통,0.0585,좋음,0.0070,좋음,0.44,좋음,0.0025
2024-04-28:03,보통,32,보통,17,보통,0.0593,좋음,0.0061,좋음,0.44,좋음,0.0026
2024-04-28:02,보통,34,보통,20,보통,0.0501,좋음,0.0084,좋음,0.42,좋음,0.0029
2024-04-28:01,보통,37,보통,22,보통,0.0473,좋음,0.0102,좋음,0.45,좋음,0.0029
2024-04-27:24,보통,39,보통,23,보통,0.0518,좋음,0.0103,좋음,0.47,좋음,0.0029
2024-04-27:23,보통,39,보통,21,보통,0.0495,좋음,0.0130,좋음,0.50,좋음,0.0028
2024-04-27:22,보통,39,보통,20,보통,0.0613,좋음,0.0084,좋음,0.46,좋음,0.0025
2024-04-27:21,보통,38,보통,20,보통,0.0651,좋음,0.0080,좋음,0.42,좋음,0.0025
2024-04-27:20,보통,37,보통,20,보통,0.0703,좋음,0.0070,좋음,0.43,좋음,0.0024
2024-04-27:19,보통,36,보통,19,보통,0.0855,좋음,0.0079,좋음,0.46,좋음,0.0030
2024-04-27:18,보통,37,보통,18,보통,0.0895,좋음,0.0073,좋음,0.46,좋음,0.0032
2024-04-27:17,보통,41,보통,21,보통,0.0885,좋음,0.0074,좋음,0.41,좋음,0.0029
2024-04-27:16,보통,48,보통,28,보통,0.0893,좋음,0.0082,좋음,0.42,좋음,0.0027
2024-04-27:15,보통,52,보통,32,보통,0.0878,좋음,0.0153,좋음,0.41,좋음,0.0028
2024-04-27:14,보통,52,보통,35,보통,0.0855,좋음,0.0185,좋음,0.42,좋음,0.0030
2024-04-27:13,보통,52,나쁨,37,보통,0.0872,좋음,0.0166,좋음,0.44,좋음,0.0029
2024-04-27:12,보통,47,보통,31,보통,0.0633,보통,0.0357,좋음,0.48,좋음,0.0040
2024-04-27:11,보통,37,보통,19,보통,0.0454,보통,0.0460,좋음,0.49,좋음,0.0048
2024-04-27:10,좋음,19,좋음,5,보통,0.0426,보통,0.0397,좋음,0.45,좋음,0.0043
2024-04-27:09,좋음,9,,,보통,0.0370,좋음,0.0280,좋음,0.38,좋음,0.0025
2024-04-27:08,좋음,8,,,보통,0.0354,좋음,0.0129,좋음,0.34,좋음,0.0020
2024-04-27:07,좋음,12,좋음,0,보통,0.0380,좋음,0.0079,좋음,0.28,좋음,0.0020
2024-04-27:06,좋음,13,좋음,5,보통,0.0417,좋음,0.0034,좋음,0.28,좋음,0.0019
2024-04-27:05,좋음,15,좋음,10,보통,0.0406,좋음,0.0028,좋음,0.29,좋음,0.0019
2024-04-27:04,좋음,17,좋음,12,보통,0.0386,좋음,0.0038,좋음,0.31,좋음,0.0021
2024-04-27:03,좋음,16,좋음,7,보통,0.0402,좋음,0.0050,좋음,0.31,좋음,0.0021
2024-04-27:02,좋음,18,좋음,4,보통,0.0386,좋음,0.0045,좋음,0.30,좋음,0.0021
2024-04-27:01,좋음,18,좋음,6,보통,0.0389,좋음,0.0045,좋음,0.31,좋음,0.0021
2024-04-26:24,좋음,18,좋음,8,보통,0.0387,좋음,0.0061,좋음,0.33,좋음,0.0020
2024-04-26:23,좋음,18,좋음,9,보통,0.0397,좋음,0.0062,좋음,0.32,좋음,0.0020
2024-04-26:22,좋음,18,좋음,8,보통,0.0319,좋음,0.0140,좋음,0.36,좋음,0.0022
2024-04-26:21,좋음,19,좋음,9,보통,0.0379,좋음,0.0071,좋음,0.33,좋음,0.0021
2024-04-26:20,좋음,20,좋음,8,보통,0.0360,좋음,0.0104,좋음,0.34,좋음,0.0021
2024-04-26:19,좋음,19,좋음,7,보통,0.0393,좋음,0.0144,좋음,0.37,좋음,0.0023
2024-04-26:18,좋음,20,좋음,8,보통,0.0497,좋음,0.0111,좋음,0.33,좋음,0.0022
2024-04-26:17,좋음,23,좋음,11,보통,0.0523,좋음,0.0100,좋음,0.33,좋음,0.0023
2024-04-26:16,보통,33,보통,20,보통,0.0518,좋음,0.0072,좋음,0.31,좋음,0.0022
2024-04-26:15,보통,47,보통,33,보통,0.0486,좋음,0.0113,좋음,0.33,좋음,0.0024
2024-04-26:14,보통,58,나쁨,41,보통,0.0399,보통,0.0397,좋음,0.40,좋음,0.0033
2024-04-26:13,보통,68,나쁨,49,좋음,0.0284,보통,0.0427,좋음,0.41,좋음,0.0034
2024-04-26:12,보통,66,나쁨,50,좋음,0.0140,보통,0.0545,좋음,0.46,좋음,0.0038
2024-04-26:11,보통,49,나쁨,40,좋음,0.0098,보통,0.0581,좋음,0.46,좋음,0.0038
2024-04-26:10,좋음,24,보통,17,좋음,0.0094,보통,0.0510,좋음,0.48,좋음,0.0031
2024-04-26:09,좋음,18,좋음,9,좋음,0.0172,좋음,0.0253,좋음,0.44,좋음,0.0024
2024-04-26:08,좋음,15,좋음,7,좋음,0.0275,좋음,0.0126,좋음,0.36,좋음,0.0022
2024-04-26:07,좋음,14,좋음,6,좋음,0.0252,좋음,0.0174,좋음,0.36,좋음,0.0023
2024-04-26:06,좋음,12,좋음,5,보통,0.0352,좋음,0.0081,좋음,0.33,좋음,0.0023
2024-04-26:05,좋음,13,좋음,5,보통,0.0415,좋음,0.0041,좋음,0.31,좋음,0.0022
2024-04-26:04,좋음,13,좋음,5,보통,0.0411,좋음,0.0046,좋음,0.32,좋음,0.0024
2024-04-26:03,좋음,16,좋음,5,보통,0.0410,좋음,0.0046,좋음,0.33,좋음,0.0023
2024-04-26:02,좋음,16,좋음,3,보통,0.0353,좋음,0.0080,좋음,0.35,좋음,0.0029
2024-04-26:01,좋음,13,좋음,0,보통,0.0378,좋음,0.0072,좋음,0.34,좋음,0.0028
2024-04-25:24,좋음,15,좋음,0,보통,0.0434,좋음,0.0039,좋음,0.31,좋음,0.0021
2024-04-25:23,좋음,16,좋음,1,보통,0.0428,좋음,0.0043,좋음,0.31,좋음,0.0023
2024-04-25:22,좋음,14,좋음,2,보통,0.0421,좋음,0.0062,좋음,0.32,좋음,0.0020
2024-04-25:21,좋음,15,좋음,3,보통,0.0478,좋음,0.0040,좋음,0.32,좋음,0.0020
2024-04-25:20,좋음,18,좋음,5,보통,0.0566,좋음,0.0048,좋음,0.35,좋음,0.0022
2024-04-25:19,좋음,20,좋음,3,보통,0.0585,좋음,0.0102,좋음,0.43,좋음,0.0025
2024-04-25:18,좋음,23,좋음,1,보통,0.0628,좋음,0.0064,좋음,0.38,좋음,0.0026
2024-04-25:17,좋음,22,좋음,7,보통,0.0604,좋음,0.0085,좋음,0.35,좋음,0.0024
2024-04-25:16,좋음,21,좋음,9,보통,0.0604,좋음,0.0106,좋음,0.33,좋음,0.0022
2024-04-25:15,좋음,16,좋음,5,보통,0.0554,좋음,0.0142,좋음,0.32,좋음,0.0021
2024-04-25:14,좋음,11,좋음,3,보통,0.0558,좋음,0.0090,좋음,0.30,좋음,0.0021
2024-04-25:13,좋음,14,좋음,6,보통,0.0583,좋음,0.0043,좋음,0.30,좋음,0.0020
2024-04-25:12,좋음,14,좋음,12,보통,0.0550,좋음,0.0054,좋음,0.31,좋음,0.0021
2024-04-25:11,좋음,18,보통,16,보통,0.0511,좋음,0.0062,좋음,0.31,좋음,0.0020
2024-04-25:10,좋음,18,좋음,10,보통,0.0468,좋음,0.0081,좋음,0.33,좋음,0.0020
2024-04-25:09,좋음,19,좋음,11,보통,0.0421,좋음,0.0114,좋음,0.34,좋음,0.0020
2024-04-25:08,좋음,19,좋음,9,보통,0.0479,좋음,0.0055,좋음,0.32,좋음,0.0019
2024-04-25:07,좋음,19,좋음,3,보통,0.0461,좋음,0.0040,좋음,0.32,좋음,0.0020
2024-04-25:06,좋음,20,좋음,4,보통,0.0443,좋음,0.0034,좋음,0.30,좋음,0.0019
2024-04-25:05,좋음,18,좋음,4,보통,0.0473,좋음,0.0023,좋음,0.30,좋음,0.0019
2024-04-25:04,좋음,17,좋음,6,보통,0.0478,좋음,0.0025,좋음,0.30,좋음,0.0019
2024-04-25:03,좋음,19,좋음,7,보통,0.0435,좋음,0.0027,좋음,0.30,좋음,0.0020
2024-04-25:02,좋음,17,좋음,5,보통,0.0467,좋음,0.0038,좋음,0.31,좋음,0.0021
2024-04-25:01,좋음,19,좋음,5,보통,0.0443,좋음,0.0036,좋음,0.30,좋음,0.0020
2024-04-24:24,좋음,24,좋음,6,보통,0.0450,좋음,0.0040,좋음,0.30,좋음,0.0019
2024-04-24:23,좋음,24,좋음,7,보통,0.0447,좋음,0.0038,좋음,0.30,좋음,0.0019
2024-04-24:22,좋음,25,좋음,5,보통,0.0375,좋음,0.0089,좋음,0.31,좋음,0.0019
2024-04-24:21,좋음,23,좋음,4,보통,0.0384,좋음,0.0087,좋음,0.33,좋음,0.0019
2024-04-24:20,좋음,23,좋음,5,보통,0.0450,좋음,0.0060,좋음,0.31,좋음,0.0021
2024-04-24:19,좋음,22,좋음,2,보통,0.0481,좋음,0.0041,좋음,0.31,좋음,0.0024
2024-04-24:18,좋음,22,좋음,0,보통,0.0538,좋음,0.0048,좋음,0.32,좋음,0.0025
2024-04-24:17,좋음,24,좋음,4,보통,0.0582,좋음,0.0045,좋음,0.35,좋음,0.0026
2024-04-24:16,,,,,,,,,,,,
2024-04-24:15,,,,,,,,,,,,
2024-04-24:14,,,,,,,,,,,,
2024-04-24:13,,,,,,,,,,,,
2024-04-24:12,좋음,9,좋음,2,보통,0.0430,좋음,0.0034,좋음,0.30,좋음,0.0019
2024-04-24:11,좋음,11,좋음,1,보통,0.0359,좋음,0.0038,좋음,0.32,좋음,0.0020
2024-04-24:10,좋음,14,좋음,0,보통,0.0327,좋음,0.0034,좋음,0.31,좋음,0.0020
2024-04-24:09,좋음,15,좋음,0,좋음,0.0278,좋음,0.0065,좋음,0.32,좋음,0.0019
2024-04-24:08,좋음,10,좋음,0,좋음,0.0193,좋음,0.0095,좋음,0.34,좋음,0.0020
2024-04-24:07,좋음,9,좋음,2,좋음,0.0187,좋음,0.0069,좋음,0.36,좋음,0.0019
2024-04-24:06,좋음,10,좋음,3,좋음,0.0218,좋음,0.0042,좋음,0.31,좋음,0.0019
2024-04-24:05,좋음,10,좋음,2,좋음,0.0270,좋음,0.0038,좋음,0.33,좋음,0.0020
2024-04-24:04,좋음,10,좋음,2,좋음,0.0240,좋음,0.0042,좋음,0.32,좋음,0.0020
2024-04-24:03,좋음,6,좋음,3,좋음,0.0222,좋음,0.0040,좋음,0.31,좋음,0.0020
2024-04-24:02,좋음,5,좋음,4,좋음,0.0254,좋음,0.0037,좋음,0.32,좋음,0.0020
2024-04-24:01,좋음,8,좋음,2,좋음,0.0304,좋음,0.0037,좋음,0.30,좋음,0.0020
2024-04-23:24,좋음,12,좋음,3,보통,0.0309,좋음,0.0042,좋음,0.28,좋음,0.0020
2024-04-23:23,좋음,17,좋음,4,보통,0.0317,좋음,0.0060,좋음,0.30,좋음,0.0021
2024-04-23:22,좋음,22,좋음,7,보통,0.0314,좋음,0.0097,좋음,0.32,좋음,0.0022
2024-04-23:21,좋음,29,좋음,11,좋음,0.0297,좋음,0.0133,좋음,0.34,좋음,0.0021
2024-04-23:20,보통,34,보통,20,보통,0.0321,좋음,0.0101,좋음,0.31,좋음,0.0021
2024-04-23:19,보통,34,보통,26,보통,0.0330,좋음,0.0116,좋음,0.33,좋음,0.0022
2024-04-23:18,좋음,30,보통,21,보통,0.0327,좋음,0.0138,좋음,0.32,좋음,0.0026
2024-04-23:17,좋음,29,보통,19,보통,0.0376,좋음,0.0133,좋음,0.33,좋음,0.0028
2024-04-23:16,좋음,28,좋음,12,보통,0.0430,좋음,0.0074,좋음,0.29,좋음,0.0028
2024-04-23:15,좋음,28,좋음,8,보통,0.0462,좋음,0.0066,좋음,0.29,좋음,0.0023
2024-04-23:14,좋음,29,좋음,8,보통,0.0475,좋음,0.0053,좋음,0.28,좋음,0.0020
2024-04-23:13,보통,31,좋음,9,보통,0.0487,좋음,0.0047,좋음,0.27,좋음,0.0020
2024-04-23:12,보통,35,좋음,14,보통,0.0518,좋음,0.0045,좋음,0.27,좋음,0.0021
2024-04-23:11,보통,35,보통,19,보통,0.0492,좋음,0.0082,좋음,0.30,좋음,0.0026
2024-04-23:10,보통,34,보통,23,보통,0.0464,좋음,0.0172,좋음,0.34,좋음,0.0026
2024-04-23:09,좋음,29,보통,16,보통,0.0444,좋음,0.0193,좋음,0.35,좋음,0.0022
2024-04-23:08,좋음,27,좋음,15,보통,0.0516,좋음,0.0104,좋음,0.33,좋음,0.0023
2024-04-23:07,좋음,27,좋음,15,보통,0.0499,좋음,0.0114,좋음,0.34,좋음,0.0024
2024-04-23:06,좋음,28,좋음,14,보통,0.0524,좋음,0.0084,좋음,0.32,좋음,0.0024
2024-04-23:05,좋음,29,좋음,14,보통,0.0535,좋음,0.0065,좋음,0.32,좋음,0.0023
2024-04-23:04,보통,32,좋음,15,보통,0.0555,좋음,0.0058,좋음,0.32,좋음,0.0023
2024-04-23:03,좋음,30,좋음,14,보통,0.0497,좋음,0.0089,좋음,0.33,좋음,0.0024
2024-04-23:02,좋음,28,좋음,13,보통,0.0541,좋음,0.0050,좋음,0.32,좋음,0.0022
2024-04-23:01,좋음,28,좋음,12,보통,0.0462,좋음,0.0071,좋음,0.33,좋음,0.0022
2024-04-22:24,좋음,27,좋음,10,보통,0.0400,좋음,0.0108,좋음,0.33,좋음,0.0024
2024-04-22:23,좋음,27,좋음,11,보통,0.0407,좋음,0.0114,좋음,0.34,좋음,0.0025
2024-04-22:22,좋음,27,좋음,11,보통,0.0416,좋음,0.0112,좋음,0.33,좋음,0.0023
2024-04-22:21,좋음,29,좋음,10,보통,0.0431,좋음,0.0095,좋음,0.32,좋음,0.0024
2024-04-22:20,보통,33,좋음,13,보통,0.0426,좋음,0.0100,좋음,0.32,좋음,0.0025
2024-04-22:19,보통,33,좋음,13,보통,0.0408,좋음,0.0123,좋음,0.32,좋음,0.0024
2024-04-22:18,보통,34,좋음,11,보통,0.0320,좋음,0.0199,좋음,0.32,좋음,0.0022
2024-04-22:17,좋음,28,좋음,12,좋음,0.0265,좋음,0.0234,좋음,0.33,좋음,0.0021
2024-04-22:16,좋음,26,좋음,14,보통,0.0319,좋음,0.0166,좋음,0.31,좋음,0.0023
2024-04-22:15,좋음,26,좋음,12,좋음,0.0300,좋음,0.0194,좋음,0.33,좋음,0.0023
2024-04-22:14,좋음,26,좋음,12,보통,0.0354,좋음,0.0146,좋음,0.31,좋음,0.0020
2024-04-22:13,좋음,25,좋음,13,보통,0.0383,좋음,0.0125,좋음,0.34,좋음,0.0020
2024-04-22:12,좋음,23,좋음,11,보통,0.0348,좋음,0.0177,좋음,0.37,좋음,0.0021
2024-04-22:11,좋음,25,좋음,9,보통,0.0346,좋음,0.0179,좋음,0.36,좋음,0.0021
2024-04-22:10,좋음,27,좋음,8,보통,0.0351,좋음,0.0181,좋음,0.38,좋음,0.0020
2024-04-22:09,좋음,28,좋음,14,보통,0.0309,좋음,0.0206,좋음,0.38,좋음,0.0020
2024-04-22:08,좋음,29,보통,16,좋음,0.0272,좋음,0.0144,좋음,0.40,좋음,0.0019
2024-04-22:07,좋음,29,좋음,15,좋음,0.0244,좋음,0.0095,좋음,0.35,좋음,0.0019
2024-04-22:06,좋음,29,보통,16,좋음,0.0277,좋음,0.0057,좋음,0.35,좋음,0.0020
2024-04-22:05,좋음,28,좋음,14,보통,0.0354,좋음,0.0041,좋음,0.35,좋음,0.0020
2024-04-22:04,좋음,28,좋음,15,보통,0.0366,좋음,0.0045,좋음,0.32,좋음,0.0019
2024-04-22:03,좋음,26,좋음,14,보통,0.0370,좋음,0.0041,좋음,0.32,좋음,0.0019
2024-04-22:02,좋음,23,좋음,13,보통,0.0407,좋음,0.0046,좋음,0.32,좋음,0.0019
2024-04-22:01,좋음,19,좋음,7,보통,0.0438,좋음,0.0056,좋음,0.32,좋음,0.0020
2024-04-21:24,좋음,14,좋음,1,보통,0.0442,좋음,0.0050,좋음,0.32,좋음,0.0019
2024-04-21:23,좋음,11,좋음,1,보통,0.0407,좋음,0.0070,좋음,0.33,좋음,0.0020
2024-04-21:22,좋음,9,좋음,3,보통,0.0389,좋음,0.0066,좋음,0.34,좋음,0.0019
2024-04-21:21,좋음,8,좋음,6,보통,0.0386,좋음,0.0067,좋음,0.33,좋음,0.0019
2024-04-21:20,좋음,11,,,보통,0.0421,좋음,0.0072,좋음,0.33,좋음,0.0019
2024-04-21:19,좋음,11,,,보통,0.0399,좋음,0.0102,좋음,0.34,좋음,0.0020
2024-04-21:18,좋음,9,좋음,8,보통,0.0433,좋음,0.0094,좋음,0.34,좋음,0.0020
2024-04-21:17,좋음,8,좋음,4,보통,0.0450,좋음,0.0090,좋음,0.35,좋음,0.0020
2024-04-21:16,좋음,7,좋음,4,보통,0.0428,좋음,0.0091,좋음,0.32,좋음,0.0019
2024-04-21:15,좋음,6,좋음,4,보통,0.0380,좋음,0.0127,좋음,0.33,좋음,0.0019
2024-04-21:14,좋음,6,좋음,2,보통,0.0408,좋음,0.0087,좋음,0.30,좋음,0.0019
2024-04-21:13,좋음,6,좋음,0,보통,0.0421,좋음,0.0096,좋음,0.29,좋음,0.0018
2024-04-21:12,좋음,7,,,보통,0.0436,좋음,0.0088,좋음,0.28,좋음,0.0018
2024-04-21:11,좋음,9,,,보통,0.0440,좋음,0.0080,좋음,0.29,좋음,0.0018
2024-04-21:10,좋음,8,,,보통,0.0422,좋음,0.0087,좋음,0.29,좋음,0.0019
2024-04-21:09,좋음,8,좋음,1,보통,0.0398,좋음,0.0100,좋음,0.30,좋음,0.0020
2024-04-21:08,좋음,8,좋음,3,보통,0.0356,좋음,0.0093,좋음,0.31,좋음,0.0020
2024-04-21:07,좋음,7,좋음,2,보통,0.0368,좋음,0.0071,좋음,0.28,좋음,0.0020
2024-04-21:06,좋음,6,좋음,3,보통,0.0396,좋음,0.0055,좋음,0.27,좋음,0.0019
2024-04-21:05,좋음,6,좋음,0,보통,0.0391,좋음,0.0057,좋음,0.28,좋음,0.0020
2024-04-21:04,좋음,6,,,보통,0.0407,좋음,0.0048,좋음,0.28,좋음,0.0019
2024-04-21:03,좋음,7,,,보통,0.0409,좋음,0.0068,좋음,0.28,좋음,0.0021
2024-04-21:02,좋음,7,,,보통,0.0438,좋음,0.0065,좋음,0.27,좋음,0.0021
2024-04-21:01,좋음,7,좋음,2,보통,0.0445,좋음,0.0054,좋음,0.28,좋음,0.0021
2024-04-20:24,좋음,9,좋음,5,보통,0.0458,좋음,0.0053,좋음,0.28,좋음,0.0020
2024-04-20:23,좋음,9,좋음,9,보통,0.0463,좋음,0.0068,좋음,0.28,좋음,0.0021
2024-04-20:22,좋음,10,좋음,9,보통,0.0450,좋음,0.0086,좋음,0.27,좋음,0.0022
2024-04-20:21,좋음,8,좋음,6,보통,0.0457,좋음,0.0089,좋음,0.27,좋음,0.0022
2024-04-20:20,좋음,10,좋음,4,보통,0.0479,좋음,0.0085,좋음,0.27,좋음,0.0020
2024-04-20:19,좋음,14,좋음,2,보통,0.0528,좋음,0.0058,좋음,0.26,좋음,0.0019
2024-04-20:18,좋음,21,좋음,4,보통,0.0532,좋음,0.0066,좋음,0.26,좋음,0.0019
2024-04-20:17,보통,37,좋음,8,보통,0.0558,좋음,0.0046,좋음,0.26,좋음,0.0020
2024-04-20:16,보통,52,좋음,13,보통,0.0565,좋음,0.0041,좋음,0.26,좋음,0.0021
2024-04-20:15,보통,77,보통,23,보통,0.0569,좋음,0.0040,좋음,0.27,좋음,0.0021
2024-04-20:14,나쁨,90,보통,29,보통,0.0501,좋음,0.0088,좋음,0.34,좋음,0.0023
2024-04-20:13,나쁨,99,보통,32,보통,0.0461,좋음,0.0122,좋음,0.37,좋음,0.0023
2024-04-20:12,나쁨,111,보통,34,보통,0.0439,좋음,0.0135,좋음,0.36,좋음,0.0023
2024-04-20:11,나쁨,115,보통,33,보통,0.0416,좋음,0.0141,좋음,0.37,좋음,0.0025
2024-04-20:10,나쁨,105,보통,30,보통,0.0403,좋음,0.0171,좋음,0.40,좋음,0.0026
2024-04-20:09,나쁨,99,보통,30,보통,0.0313,좋음,0.0260,좋음,0.38,좋음,0.0028
2024-04-20:08,나쁨,96,보통,29,좋음,0.0254,좋음,0.0269,좋음,0.38,좋음,0.0030
2024-04-20:07,나쁨,93,보통,28,보통,0.0328,좋음,0.0166,좋음,0.39,좋음,0.0029
2024-04-20:06,나쁨,91,보통,27,보통,0.0416,좋음,0.0097,좋음,0.36,좋음,0.0030
2024-04-20:05,나쁨,91,보통,27,보통,0.0488,좋음,0.0071,좋음,0.35,좋음,0.0026
2024-04-20:04,나쁨,95,보통,23,보통,0.0502,좋음,0.0055,좋음,0.34,좋음,0.0027
2024-04-20:03,나쁨,99,보통,23,보통,0.0534,좋음,0.0122,좋음,0.40,좋음,0.0033
2024-04-20:02,나쁨,103,보통,21,보통,0.0542,좋음,0.0105,좋음,0.37,좋음,0.0037
2024-04-20:01,나쁨,104,보통,24,보통,0.0515,좋음,0.0081,좋음,0.36,좋음,0.0029
2024-04-19:24,나쁨,105,보통,25,보통,0.0500,좋음,0.0140,좋음,0.43,좋음,0.0033
2024-04-19:23,나쁨,106,보통,22,보통,0.0576,좋음,0.0119,좋음,0.41,좋음,0.0030
2024-04-19:22,나쁨,108,보통,22,보통,0.0629,좋음,0.0105,좋음,0.41,좋음,0.0029
2024-04-19:21,나쁨,109,보통,22,보통,0.0688,좋음,0.0089,좋음,0.38,좋음,0.0030
2024-04-19:20,나쁨,109,보통,21,보통,0.0720,좋음,0.0076,좋음,0.38,좋음,0.0027
2024-04-19:19,나쁨,109,보통,22,보통,0.0792,좋음,0.0042,좋음,0.36,좋음,0.0026
2024-04-19:18,나쁨,115,보통,24,보통,0.0800,좋음,0.0038,좋음,0.34,좋음,0.0027
2024-04-19:17,나쁨,134,보통,29,보통,0.0833,좋음,0.0050,좋음,0.39,좋음,0.0031
2024-04-19:16,매우나쁨,153,보통,34,보통,0.0827,좋음,0.0067,좋음,0.41,좋음,0.0034
2024-04-19:15,매우나쁨,192,나쁨,47,보통,0.0783,좋음,0.0046,좋음,0.37,좋음,0.0030
2024-04-19:14,매우나쁨,257,나쁨,65,보통,0.0746,좋음,0.0050,좋음,0.36,좋음,0.0029
2024-04-19:13,매우나쁨,292,매우나쁨,80,보통,0.0673,좋음,0.0183,좋음,0.39,좋음,0.0035
2024-04-19:12,매우나쁨,280,매우나쁨,80,보통,0.0397,보통,0.0429,좋음,0.44,좋음,0.0041
2024-04-19:11,매우나쁨,253,나쁨,66,좋음,0.0269,보통,0.0547,좋음,0.48,좋음,0.0041
2024-04-19:10,매우나쁨,218,나쁨,46,좋음,0.0278,보통,0.0579,좋음,0.56,좋음,0.0042
2024-04-19:09,매우나쁨,197,나쁨,40,좋음,0.0292,보통,0.0368,좋음,0.55,좋음,0.0036
2024-04-19:08,매우나쁨,196,나쁨,40,좋음,0.0270,좋음,0.0226,좋음,0.64,좋음,0.0034
2024-04-19:07,매우나쁨,218,나쁨,42,보통,0.0379,좋음,0.0109,좋음,0.66,좋음,0.0037
2024-04-19:06,매우나쁨,246,나쁨,46,보통,0.0396,좋음,0.0078,좋음,0.56,좋음,0.0029
2024-04-19:05,매우나쁨,263,나쁨,50,보통,0.0423,좋음,0.0039,좋음,0.39,좋음,0.0024
2024-04-19:04,매우나쁨,273,나쁨,51,보통,0.0427,좋음,0.0023,좋음,0.32,좋음,0.0021
2024-04-19:03,매우나쁨,286,나쁨,52,보통,0.0400,좋음,0.0018,좋음,0.30,좋음,0.0021
2024-04-19:02,매우나쁨,298,나쁨,54,보통,0.0374,좋음,0.0017,좋음,0.28,좋음,0.0020
2024-04-19:01,매우나쁨,311,나쁨,56,보통,0.0367,좋음,0.0018,좋음,0.28,좋음,0.0020
2024-04-18:24,매우나쁨,319,나쁨,57,보통,0.0362,좋음,0.0021,좋음,0.28,좋음,0.0019
2024-04-18:23,매우나쁨,326,나쁨,56,보통,0.0316,좋음,0.0062,좋음,0.29,좋음,0.0023
2024-04-18:22,매우나쁨,328,나쁨,58,보통,0.0319,좋음,0.0071,좋음,0.30,좋음,0.0023
2024-04-18:21,매우나쁨,335,나쁨,58,보통,0.0355,좋음,0.0046,좋음,0.30,좋음,0.0020
2024-04-18:20,매우나쁨,343,나쁨,57,보통,0.0380,좋음,0.0044,좋음,0.30,좋음,0.0021
2024-04-18:19,매우나쁨,341,나쁨,54,보통,0.0431,좋음,0.0067,좋음,0.31,좋음,0.0021
2024-04-18:18,매우나쁨,328,나쁨,50,보통,0.0464,좋음,0.0069,좋음,0.32,좋음,0.0021
2024-04-18:17,매우나쁨,317,나쁨,51,보통,0.0494,좋음,0.0067,좋음,0.32,좋음,0.0024
2024-04-18:16,매우나쁨,299,나쁨,51,보통,0.0494,좋음,0.0087,좋음,0.34,좋음,0.0029
2024-04-18:15,매우나쁨,280,나쁨,47,보통,0.0498,좋음,0.0103,좋음,0.34,좋음,0.0032
2024-04-18:14,매우나쁨,267,나쁨,48,보통,0.0597,좋음,0.0072,좋음,0.38,좋음,0.0031
2024-04-18:13,매우나쁨,265,나쁨,52,보통,0.0583,좋음,0.0102,좋음,0.39,좋음,0.0033
2024-04-18:12,매우나쁨,262,나쁨,54,보통,0.0626,좋음,0.0153,좋음,0.45,좋음,0.0065
2024-04-18:11,매우나쁨,249,나쁨,52,보통,0.0603,좋음,0.0237,좋음,0.46,좋음,0.0096
2024-04-18:10,매우나쁨,226,나쁨,44,보통,0.0453,좋음,0.0267,좋음,0.51,좋음,0.0093
2024-04-18:09,매우나쁨,209,나쁨,42,보통,0.0315,좋음,0.0273,좋음,0.52,좋음,0.0047
2024-04-18:08,매우나쁨,209,나쁨,42,좋음,0.0201,좋음,0.0231,좋음,0.50,좋음,0.0026
2024-04-18:07,매우나쁨,216,나쁨,44,좋음,0.0236,좋음,0.0137,좋음,0.41,좋음,0.0027
2024-04-18:06,매우나쁨,227,나쁨,43,좋음,0.0251,좋음,0.0125,좋음,0.41,좋음,0.0025
2024-04-18:05,매우나쁨,236,나쁨,44,좋음,0.0264,좋음,0.0127,좋음,0.40,좋음,0.0024
2024-04-18:04,매우나쁨,236,나쁨,45,보통,0.0386,좋음,0.0053,좋음,0.37,좋음,0.0024
2024-04-18:03,매우나쁨,221,나쁨,43,보통,0.0423,좋음,0.0046,좋음,0.35,좋음,0.0024
2024-04-18:02,매우나쁨,206,나쁨,41,보통,0.0433,좋음,0.0042,좋음,0.37,좋음,0.0021
2024-04-18:01,매우나쁨,206,나쁨,41,보통,0.0443,좋음,0.0042,좋음,0.40,좋음,0.0021
2024-04-17:24,매우나쁨,207,나쁨,43,보통,0.0449,좋음,0.0050,좋음,0.40,좋음,0.0020
2024-04-17:23,매우나쁨,211,나쁨,44,보통,0.0400,좋음,0.0066,좋음,0.39,좋음,0.0022
2024-04-17:22,매우나쁨,214,나쁨,45,보통,0.0318,좋음,0.0163,좋음,0.41,좋음,0.0024
2024-04-17:21,매우나쁨,224,나쁨,46,보통,0.0332,좋음,0.0144,좋음,0.39,좋음,0.0026
2024-04-17:20,매우나쁨,237,나쁨,44,보통,0.0337,좋음,0.0167,좋음,0.40,좋음,0.0025
2024-04-17:19,매우나쁨,245,나쁨,43,보통,0.0426,좋음,0.0141,좋음,0.40,좋음,0.0025
2024-04-17:18,매우나쁨,236,나쁨,39,보통,0.0468,좋음,0.0177,좋음,0.41,좋음,0.0024
2024-04-17:17,매우나쁨,218,나쁨,37,보통,0.0566,좋음,0.0105,좋음,0.35,좋음,0.0023
2024-04-17:16,매우나쁨,207,나쁨,37,보통,0.0623,좋음,0.0063,좋음,0.35,좋음,0.0025
2024-04-17:15,매우나쁨,209,나쁨,39,,,,,,,,
2024-04-17:14,매우나쁨,209,나쁨,39,,,,,,,,
2024-04-17:13,매우나쁨,194,나쁨,38,보통,0.0670,좋음,0.0052,좋음,0.36,좋음,0.0037
2024-04-17:12,매우나쁨,165,나쁨,37,보통,0.0545,좋음,0.0145,좋음,0.39,좋음,0.0040
2024-04-17:11,매우나쁨,151,보통,32,보통,0.0378,좋음,0.0234,좋음,0.40,좋음,0.0030
2024-04-17:10,나쁨,131,보통,22,좋음,0.0296,보통,0.0322,좋음,0.42,좋음,0.0031
2024-04-17:09,나쁨,114,보통,20,좋음,0.0293,좋음,0.0298,좋음,0.42,좋음,0.0027
2024-04-17:08,나쁨,107,보통,19,좋음,0.0241,좋음,0.0279,좋음,0.43,좋음,0.0023
2024-04-17:07,나쁨,107,보통,17,보통,0.0390,좋음,0.0057,좋음,0.34,좋음,0.0021
2024-04-17:06,나쁨,107,보통,16,보통,0.0431,좋음,0.0037,좋음,0.32,좋음,0.0021
2024-04-17:05,나쁨,104,보통,16,보통,0.0451,좋음,0.0026,좋음,0.32,좋음,0.0021
2024-04-17:04,나쁨,99,보통,16,보통,0.0469,좋음,0.0024,좋음,0.32,좋음,0.0020
2024-04-17:03,나쁨,91,보통,17,보통,0.0462,좋음,0.0024,좋음,0.31,좋음,0.0021
2024-04-17:02,나쁨,82,보통,17,보통,0.0463,좋음,0.0024,좋음,0.30,좋음,0.0021
2024-04-17:01,보통,76,보통,16,보통,0.0428,좋음,0.0028,좋음,0.31,좋음,0.0020
2024-04-16:24,보통,68,좋음,14,보통,0.0406,좋음,0.0036,좋음,0.31,좋음,0.0021
2024-04-16:23,보통,57,좋음,14,보통,0.0403,좋음,0.0041,좋음,0.32,좋음,0.0020
2024-04-16:22,보통,51,좋음,12,보통,0.0391,좋음,0.0059,좋음,0.33,좋음,0.0020
2024-04-16:21,보통,43,좋음,9,보통,0.0454,좋음,0.0055,좋음,0.37,좋음,0.0021
2024-04-16:20,보통,33,좋음,9,보통,0.0465,좋음,0.0101,좋음,0.39,좋음,0.0021
2024-04-16:19,좋음,27,좋음,10,보통,0.0588,좋음,0.0045,좋음,0.36,좋음,0.0022
2024-04-16:18,좋음,23,좋음,12,보통,0.0599,좋음,0.0037,좋음,0.33,좋음,0.0021
2024-04-16:17,좋음,21,보통,17,보통,0.0618,좋음,0.0068,좋음,0.37,좋음,0.0024
2024-04-16:16,좋음,21,좋음,12,보통,0.0643,좋음,0.0037,좋음,0.34,좋음,0.0024
2024-04-16:15,좋음,18,좋음,6,보통,0.0640,좋음,0.0034,좋음,0.33,좋음,0.0023
2024-04-16:14,좋음,15,좋음,4,보통,0.0618,좋음,0.0027,좋음,0.30,좋음,0.0021
2024-04-16:13,좋음,16,좋음,5,보통,0.0564,좋음,0.0032,좋음,0.29,좋음,0.0019
2024-04-16:12,좋음,17,좋음,10,보통,0.0538,좋음,0.0030,좋음,0.31,좋음,0.0020
2024-04-16:11,좋음,17,좋음,12,보통,0.0483,좋음,0.0028,좋음,0.30,좋음,0.0020
2024-04-16:10,좋음,22,좋음,14,보통,0.0419,좋음,0.0034,좋음,0.31,좋음,0.0019
2024-04-16:09,좋음,24,좋음,13,보통,0.0310,좋음,0.0133,좋음,0.37,좋음,0.0021
2024-04-16:08,좋음,27,좋음,10,좋음,0.0249,좋음,0.0131,좋음,0.44,좋음,0.0022
2024-04-16:07,좋음,24,좋음,8,좋음,0.0256,좋음,0.0065,좋음,0.51,좋음,0.0022
2024-04-16:06,좋음,22,좋음,7,좋음,0.0223,좋음,0.0052,좋음,0.52,좋음,0.0021
2024-04-16:05,좋음,21,좋음,7,좋음,0.0292,좋음,0.0049,좋음,0.45,좋음,0.0021
2024-04-16:04,좋음,19,좋음,10,좋음,0.0290,좋음,0.0034,좋음,0.41,좋음,0.0022
2024-04-16:03,좋음,15,좋음,12,좋음,0.0295,좋음,0.0029,좋음,0.37,좋음,0.0020
2024-04-16:02,좋음,11,좋음,6,보통,0.0332,좋음,0.0026,좋음,0.39,좋음,0.0021
2024-04-16:01,좋음,9,좋음,7,보통,0.0368,좋음,0.0027,좋음,0.44,좋음,0.0020
2024-04-15:24,좋음,9,좋음,9,보통,0.0368,좋음,0.0049,좋음,0.29,좋음,0.0019
2024-04-15:23,좋음,13,좋음,9,보통,0.0392,좋음,0.0071,좋음,0.30,좋음,0.0021
2024-04-15:22,좋음,12,좋음,10,보통,0.0395,좋음,0.0099,좋음,0.32,좋음,0.0025
2024-04-15:21,좋음,12,좋음,9,보통,0.0395,좋음,0.0120,좋음,0.33,좋음,0.0025
2024-04-15:20,좋음,10,좋음,9,보통,0.0406,좋음,0.0124,좋음,0.36,좋음,0.0031
2024-04-15:19,좋음,10,좋음,9,보통,0.0417,좋음,0.0135,좋음,0.35,좋음,0.0021
2024-04-15:18,좋음,12,좋음,7,보통,0.0490,좋음,0.0064,좋음,0.29,좋음,0.0020
2024-04-15:17,좋음,14,좋음,12,보통,0.0492,좋음,0.0075,좋음,0.29,좋음,0.0020
2024-04-15:16,좋음,15,좋음,12,보통,0.0426,좋음,0.0154,좋음,0.32,좋음,0.0020
2024-04-15:15,좋음,13,좋음,9,좋음,0.0282,좋음,0.0286,좋음,0.34,좋음,0.0021
2024-04-15:14,좋음,10,좋음,6,보통,0.0461,좋음,0.0088,좋음,0.30,좋음,0.0020
2024-04-15:13,좋음,14,좋음,5,보통,0.0517,좋음,0.0036,좋음,0.29,좋음,0.0020
2024-04-15:12,좋음,17,좋음,9,보통,0.0505,좋음,0.0052,좋음,0.29,좋음,0.0021
2024-04-15:11,좋음,20,좋음,10,보통,0.0500,좋음,0.0061,좋음,0.29,좋음,0.0024
2024-04-15:10,좋음,20,좋음,9,보통,0.0443,좋음,0.0093,좋음,0.31,좋음,0.0026
2024-04-15:09,좋음,22,좋음,12,보통,0.0464,좋음,0.0130,좋음,0.30,좋음,0.0025
2024-04-15:08,좋음,25,좋음,13,보통,0.0368,좋음,0.0136,좋음,0.35,좋음,0.0029
2024-04-15:07,좋음,22,좋음,13,좋음,0.0247,좋음,0.0162,좋음,0.36,좋음,0.0025
2024-04-15:06,좋음,20,좋음,15,보통,0.0346,좋음,0.0091,좋음,0.33,좋음,0.0024
2024-04-15:05,좋음,20,보통,16,보통,0.0402,좋음,0.0058,좋음,0.31,좋음,0.0024
2024-04-15:04,좋음,21,좋음,11,보통,0.0375,좋음,0.0077,좋음,0.31,좋음,0.0022
2024-04-15:03,좋음,22,좋음,11,보통,0.0462,좋음,0.0052,좋음,0.30,좋음,0.0024
2024-04-15:02,좋음,23,좋음,10,보통,0.0413,좋음,0.0058,좋음,0.30,좋음,0.0023
2024-04-15:01,좋음,27,좋음,13,보통,0.0426,좋음,0.0052,좋음,0.31,좋음,0.0023
2024-04-14:24,좋음,29,보통,16,보통,0.0310,좋음,0.0103,좋음,0.35,좋음,0.0024
2024-04-14:23,좋음,30,보통,17,좋음,0.0273,좋음,0.0143,좋음,0.40,좋음,0.0026
2024-04-14:22,좋음,30,보통,18,보통,0.0310,좋음,0.0153,좋음,0.43,좋음,0.0028
2024-04-14:21,보통,32,보통,20,보통,0.0322,좋음,0.0169,좋음,0.44,좋음,0.0031
2024-04-14:20,보통,36,보통,22,보통,0.0352,좋음,0.0160,좋음,0.46,좋음,0.0035
2024-04-14:19,보통,36,보통,24,보통,0.0443,좋음,0.0176,좋음,0.49,좋음,0.0045
2024-04-14:18,보통,33,보통,25,보통,0.0493,좋음,0.0178,좋음,0.49,좋음,0.0043
2024-04-14:17,보통,32,보통,24,,,,,,,,
2024-04-14:16,보통,34,보통,21,보통,0.0501,좋음,0.0010,좋음,0.45,좋음,0.0037
2024-04-14:15,보통,36,보통,17,보통,0.0475,좋음,0.0010,좋음,0.39,좋음,0.0035
2024-04-14:14,보통,34,보통,19,보통,0.0409,좋음,0.0010,좋음,0.35,좋음,0.0034
2024-04-14:13,보통,37,보통,24,보통,0.0455,좋음,0.0010,좋음,0.33,좋음,0.0035
2024-04-14:12,보통,39,보통,25,보통,0.0488,좋음,0.0011,좋음,0.33,좋음,0.0037
2024-04-14:11,보통,41,보통,27,보통,0.0368,좋음,0.0011,좋음,0.33,좋음,0.0034
2024-04-14:10,보통,32,보통,17,좋음,0.0294,좋음,0.0010,좋음,0.34,좋음,0.0036
2024-04-14:09,좋음,20,좋음,8,보통,0.0330,좋음,0.0015,좋음,0.37,좋음,0.0035
2024-04-14:08,좋음,13,좋음,5,좋음,0.0294,좋음,0.0010,좋음,0.32,좋음,0.0022
2024-04-14:07,좋음,14,좋음,5,보통,0.0378,좋음,0.0016,좋음,0.26,좋음,0.0022
2024-04-14:06,좋음,15,좋음,6,보통,0.0378,좋음,0.0010,좋음,0.25,좋음,0.0022
2024-04-14:05,좋음,17,좋음,10,보통,0.0375,좋음,0.0010,좋음,0.24,좋음,0.0022
2024-04-14:04,좋음,18,좋음,14,보통,0.0364,좋음,0.0010,좋음,0.25,좋음,0.0022
2024-04-14:03,좋음,18,좋음,13,보통,0.0369,좋음,0.0010,좋음,0.25,좋음,0.0022
2024-04-14:02,좋음,19,좋음,12,보통,0.0361,좋음,0.0010,좋음,0.27,좋음,0.0022
2024-04-14:01,좋음,18,좋음,10,보통,0.0360,좋음,0.0010,좋음,0.27,좋음,0.0023
2024-04-13:24,좋음,17,좋음,10,보통,0.0355,좋음,0.0010,좋음,0.27,좋음,0.0023
2024-04-13:23,좋음,21,좋음,10,보통,0.0377,좋음,0.0010,좋음,0.26,좋음,0.0023
2024-04-13:22,좋음,26,좋음,12,보통,0.0341,좋음,0.0010,좋음,0.29,좋음,0.0025
2024-04-13:21,좋음,25,좋음,11,보통,0.0337,좋음,0.0010,좋음,0.30,좋음,0.0027
2024-04-13:20,좋음,22,좋음,11,보통,0.0333,좋음,0.0010,좋음,0.33,좋음,0.0030
2024-04-13:19,좋음,18,좋음,7,보통,0.0377,좋음,0.0010,좋음,0.35,좋음,0.0031
2024-04-13:18,좋음,16,좋음,5,보통,0.0459,좋음,0.0010,좋음,0.30,좋음,0.0029
2024-04-13:17,좋음,19,좋음,10,보통,0.0551,좋음,0.0010,좋음,0.25,좋음,0.0023
2024-04-13:16,좋음,28,좋음,15,보통,0.0556,좋음,0.0010,좋음,0.27,좋음,0.0023
2024-04-13:15,보통,37,보통,22,보통,0.0597,좋음,0.0010,좋음,0.28,좋음,0.0025
2024-04-13:14,보통,49,보통,33,보통,0.0648,좋음,0.0010,좋음,0.30,좋음,0.0028
2024-04-13:13,보통,62,나쁨,44,보통,0.0659,좋음,0.0010,좋음,0.34,좋음,0.0042
2024-04-13:12,보통,70,나쁨,50,보통,0.0494,좋음,0.0010,좋음,0.36,좋음,0.0043
2024-04-13:11,보통,66,나쁨,46,보통,0.0378,좋음,0.0011,좋음,0.39,좋음,0.0050
2024-04-13:10,보통,39,보통,27,좋음,0.0220,좋음,0.0011,좋음,0.41,좋음,0.0045
2024-04-13:09,좋음,19,좋음,10,좋음,0.0245,좋음,0.0011,좋음,0.39,좋음,0.0033
2024-04-13:08,좋음,16,좋음,8,좋음,0.0245,좋음,0.0011,좋음,0.37,좋음,0.0024
2024-04-13:07,좋음,17,좋음,10,좋음,0.0273,좋음,0.0014,좋음,0.31,좋음,0.0022
2024-04-13:06,좋음,16,좋음,13,보통,0.0332,좋음,0.0033,좋음,0.26,좋음,0.0022
2024-04-13:05,좋음,16,좋음,15,보통,0.0352,좋음,0.0036,좋음,0.27,좋음,0.0022
2024-04-13:04,좋음,16,좋음,8,보통,0.0355,좋음,0.0028,좋음,0.27,좋음,0.0023
2024-04-13:03,좋음,15,좋음,7,보통,0.0361,좋음,0.0026,좋음,0.27,좋음,0.0022
2024-04-13:02,좋음,12,좋음,6,보통,0.0357,좋음,0.0032,좋음,0.27,좋음,0.0023
2024-04-13:01,좋음,13,좋음,6,보통,0.0354,좋음,0.0041,좋음,0.27,좋음,0.0024
2024-04-12:24,좋음,20,좋음,10,보통,0.0343,좋음,0.0062,좋음,0.27,좋음,0.0024
2024-04-12:23,좋음,26,보통,17,보통,0.0340,좋음,0.0072,좋음,0.28,좋음,0.0024
2024-04-12:22,보통,31,보통,26,좋음,0.0280,좋음,0.0146,좋음,0.31,좋음,0.0024
2024-04-12:21,보통,35,보통,32,보통,0.0318,좋음,0.0133,좋음,0.33,좋음,0.0030
2024-04-12:20,보통,40,보통,26,좋음,0.0265,좋음,0.0239,좋음,0.39,좋음,0.0034
2024-04-12:19,보통,38,보통,24,보통,0.0314,보통,0.0370,좋음,0.44,좋음,0.0040
2024-04-12:18,보통,31,보통,20,보통,0.0339,보통,0.0369,좋음,0.38,좋음,0.0040
2024-04-12:17,보통,32,보통,17,보통,0.0493,좋음,0.0098,좋음,0.28,좋음,0.0025
2024-04-12:16,보통,34,보통,19,보통,0.0557,좋음,0.0050,좋음,0.28,좋음,0.0024
2024-04-12:15,보통,43,보통,26,보통,0.0559,좋음,0.0067,좋음,0.30,좋음,0.0026
2024-04-12:14,보통,58,나쁨,37,보통,0.0554,좋음,0.0079,좋음,0.31,좋음,0.0028
2024-04-12:13,보통,71,나쁨,49,보통,0.0517,좋음,0.0198,좋음,0.38,좋음,0.0039
2024-04-12:12,보통,80,나쁨,52,보통,0.0315,보통,0.0417,좋음,0.42,좋음,0.0050
2024-04-12:11,보통,70,나쁨,44,보통,0.0367,보통,0.0363,좋음,0.44,좋음,0.0053
2024-04-12:10,보통,47,보통,25,좋음,0.0223,보통,0.0469,좋음,0.44,좋음,0.0046
2024-04-12:09,좋음,27,좋음,12,좋음,0.0142,보통,0.0506,좋음,0.45,좋음,0.0041
2024-04-12:08,좋음,24,좋음,12,좋음,0.0216,좋음,0.0258,좋음,0.45,좋음,0.0030
2024-04-12:07,좋음,24,좋음,13,보통,0.0309,좋음,0.0163,좋음,0.31,좋음,0.0029
2024-04-12:06,좋음,25,좋음,13,보통,0.0405,좋음,0.0036,좋음,0.27,좋음,0.0030
2024-04-12:05,좋음,27,좋음,14,보통,0.0418,좋음,0.0020,좋음,0.27,좋음,0.0029
2024-04-12:04,좋음,28,보통,16,보통,0.0392,좋음,0.0024,좋음,0.27,좋음,0.0027
2024-04-12:03,좋음,29,보통,17,보통,0.0397,좋음,0.0024,좋음,0.27,좋음,0.0026
2024-04-12:02,좋음,30,보통,18,보통,0.0402,좋음,0.0026,좋음,0.28,좋음,0.0028
2024-04-12:01,보통,31,좋음,15,보통,0.0376,좋음,0.0042,좋음,0.29,좋음,0.0029
2024-04-11:24,보통,33,보통,17,보통,0.0361,좋음,0.0061,좋음,0.31,좋음,0.0030
2024-04-11:23,보통,38,보통,23,보통,0.0364,좋음,0.0081,좋음,0.31,좋음,0.0034
2024-04-11:22,보통,43,보통,28,좋음,0.0258,좋음,0.0193,좋음,0.39,좋음,0.0036
2024-04-11:21,보통,42,보통,31,좋음,0.0226,좋음,0.0277,좋음,0.40,좋음,0.0041
2024-04-11:20,보통,44,보통,27,보통,0.0333,좋음,0.0227,좋음,0.39,좋음,0.0044
2024-04-11:19,보통,55,보통,30,보통,0.0441,좋음,0.0124,좋음,0.31,좋음,0.0032
2024-04-11:18,보통,56,보통,33,좋음,0.0166,보통,0.0416,좋음,0.38,좋음,0.0040
2024-04-11:17,보통,53,보통,30,좋음,0.0181,보통,0.0441,좋음,0.39,좋음,0.0048
2024-04-11:16,보통,52,보통,29,좋음,0.0164,보통,0.0454,좋음,0.36,좋음,0.0035
2024-04-11:15,보통,49,보통,29,좋음,0.0160,보통,0.0451,좋음,0.35,좋음,0.0034
2024-04-11:14,보통,52,보통,31,좋음,0.0284,보통,0.0332,좋음,0.33,좋음,0.0034
2024-04-11:13,보통,61,나쁨,40,좋음,0.0267,보통,0.0356,좋음,0.34,좋음,0.0039
2024-04-11:12,보통,57,나쁨,37,좋음,0.0206,보통,0.0423,좋음,0.35,좋음,0.0039
2024-04-11:11,보통,43,보통,26,좋음,0.0211,보통,0.0410,좋음,0.36,좋음,0.0036
2024-04-11:10,좋음,27,좋음,12,좋음,0.0160,보통,0.0372,좋음,0.36,좋음,0.0030
2024-04-11:09,좋음,21,좋음,5,좋음,0.0173,보통,0.0324,좋음,0.36,좋음,0.0029
2024-04-11:08,좋음,18,좋음,6,좋음,0.0223,좋음,0.0196,좋음,0.36,좋음,0.0024
2024-04-11:07,좋음,16,좋음,7,좋음,0.0234,좋음,0.0136,좋음,0.30,좋음,0.0023
2024-04-11:06,좋음,17,좋음,8,좋음,0.0277,좋음,0.0082,좋음,0.28,좋음,0.0023
2024-04-11:05,좋음,16,좋음,10,좋음,0.0294,좋음,0.0063,좋음,0.26,좋음,0.0023
2024-04-11:04,좋음,18,좋음,11,보통,0.0324,좋음,0.0053,좋음,0.26,좋음,0.0022
2024-04-11:03,좋음,21,좋음,10,보통,0.0348,좋음,0.0043,좋음,0.26,좋음,0.0022
2024-04-11:02,좋음,23,좋음,10,보통,0.0354,좋음,0.0048,좋음,0.26,좋음,0.0022
2024-04-11:01,좋음,21,좋음,8,보통,0.0347,좋음,0.0055,좋음,0.26,좋음,0.0022
2024-04-10:24,좋음,19,좋음,7,보통,0.0362,좋음,0.0060,좋음,0.26,좋음,0.0023
2024-04-10:23,좋음,19,좋음,6,보통,0.0380,좋음,0.0056,좋음,0.26,좋음,0.0023
2024-04-10:22,좋음,21,좋음,10,보통,0.0411,좋음,0.0048,좋음,0.26,좋음,0.0022
2024-04-10:21,좋음,20,좋음,13,보통,0.0417,좋음,0.0060,좋음,0.27,좋음,0.0023
2024-04-10:20,좋음,21,좋음,8,보통,0.0420,좋음,0.0065,좋음,0.27,좋음,0.0023
2024-04-10:19,좋음,23,좋음,9,보통,0.0466,좋음,0.0053,좋음,0.26,좋음,0.0023
2024-04-10:18,좋음,25,좋음,9,보통,0.0497,좋음,0.0059,좋음,0.27,좋음,0.0023
2024-04-10:17,좋음,25,좋음,8,보통,0.0508,좋음,0.0071,좋음,0.27,좋음,0.0024
2024-04-10:16,좋음,26,좋음,9,보통,0.0547,좋음,0.0050,좋음,0.26,좋음,0.0024
2024-04-10:15,좋음,29,좋음,10,보통,0.0545,좋음,0.0048,좋음,0.27,좋음,0.0024
2024-04-10:14,좋음,30,좋음,10,보통,0.0586,좋음,0.0049,좋음,0.30,좋음,0.0030
2024-04-10:13,보통,32,좋음,12,보통,0.0556,좋음,0.0053,좋음,0.29,좋음,0.0033
2024-04-10:12,좋음,30,좋음,12,보통,0.0442,좋음,0.0114,좋음,0.30,좋음,0.0031
2024-04-10:11,좋음,27,보통,16,보통,0.0437,좋음,0.0105,좋음,0.30,좋음,0.0034
2024-04-10:10,좋음,25,보통,23,보통,0.0350,좋음,0.0160,좋음,0.28,좋음,0.0033
2024-04-10:09,좋음,24,보통,19,보통,0.0345,좋음,0.0141,좋음,0.30,좋음,0.0033
2024-04-10:08,좋음,25,좋음,11,보통,0.0336,좋음,0.0095,좋음,0.29,좋음,0.0029
2024-04-10:07,좋음,26,좋음,11,좋음,0.0228,좋음,0.0144,좋음,0.31,좋음,0.0025
2024-04-10:06,좋음,27,좋음,12,좋음,0.0251,좋음,0.0132,좋음,0.29,좋음,0.0025
2024-04-10:05,좋음,29,좋음,12,보통,0.0320,좋음,0.0088,좋음,0.29,좋음,0.0024
2024-04-10:04,좋음,30,좋음,14,보통,0.0378,좋음,0.0054,좋음,0.30,좋음,0.0024
2024-04-10:03,좋음,30,보통,17,보통,0.0402,좋음,0.0054,좋음,0.29,좋음,0.0025
2024-04-10:02,보통,32,보통,16,보통,0.0401,좋음,0.0077,좋음,0.30,좋음,0.0026
2024-04-10:01,좋음,30,좋음,12,보통,0.0422,좋음,0.0064,좋음,0.29,좋음,0.0027
2024-04-09:24,좋음,30,좋음,9,보통,0.0409,좋음,0.0092,좋음,0.31,좋음,0.0029
2024-04-09:23,보통,31,좋음,9,보통,0.0439,좋음,0.0074,좋음,0.29,좋음,0.0025
2024-04-09:22,보통,33,좋음,9,보통,0.0463,좋음,0.0060,좋음,0.29,좋음,0.0023
2024-04-09:21,보통,36,좋음,10,보통,0.0478,좋음,0.0049,좋음,0.28,좋음,0.0022
2024-04-09:20,보통,38,좋음,10,보통,0.0479,좋음,0.0051,좋음,0.28,좋음,0.0022
2024-04-09:19,보통,41,좋음,10,보통,0.0474,좋음,0.0067,좋음,0.29,좋음,0.0024
2024-04-09:18,보통,39,좋음,9,보통,0.0473,좋음,0.0070,좋음,0.29,좋음,0.0025
2024-04-09:17,보통,42,좋음,12,보통,0.0465,좋음,0.0087,좋음,0.29,좋음,0.0025
2024-04-09:16,보통,46,좋음,15,보통,0.0490,좋음,0.0062,좋음,0.29,좋음,0.0025
2024-04-09:15,보통,48,보통,16,보통,0.0490,좋음,0.0065,좋음,0.29,좋음,0.0024
2024-04-09:14,보통,46,보통,18,보통,0.0506,좋음,0.0068,좋음,0.30,좋음,0.0025
2024-04-09:13,보통,45,보통,18,보통,0.0518,좋음,0.0072,좋음,0.30,좋음,0.0025
2024-04-09:12,보통,42,보통,18,보통,0.0459,좋음,0.0123,좋음,0.33,좋음,0.0029
2024-04-09:11,보통,43,보통,18,,,,,,,,
2024-04-09:10,보통,40,보통,18,,,,,,,,
2024-04-09:09,보통,36,보통,22,보통,0.0376,좋음,0.0186,좋음,0.36,좋음,0.0027
2024-04-09:08,보통,33,보통,24,보통,0.0449,좋음,0.0119,좋음,0.36,좋음,0.0024
2024-04-09:07,좋음,29,좋음,15,보통,0.0501,좋음,0.0128,좋음,0.38,좋음,0.0023
2024-04-09:06,좋음,30,좋음,12,보통,0.0435,좋음,0.0085,좋음,0.29,좋음,0.0023
2024-04-09:05,좋음,30,좋음,13,보통,0.0497,좋음,0.0069,좋음,0.27,좋음,0.0022
2024-04-09:04,보통,32,좋음,13,보통,0.0604,좋음,0.0056,좋음,0.28,좋음,0.0022
2024-04-09:03,보통,35,좋음,15,보통,0.0605,좋음,0.0051,좋음,0.29,좋음,0.0023
2024-04-09:02,보통,42,보통,18,보통,0.0640,좋음,0.0045,좋음,0.29,좋음,0.0022
2024-04-09:01,보통,51,보통,21,보통,0.0618,좋음,0.0047,좋음,0.30,좋음,0.0021
2024-04-08:24,보통,58,보통,26,보통,0.0569,좋음,0.0077,좋음,0.32,좋음,0.0025
2024-04-08:23,보통,66,보통,34,보통,0.0424,좋음,0.0165,좋음,0.39,좋음,0.0030
2024-04-08:22,보통,77,나쁨,44,보통,0.0389,좋음,0.0249,좋음,0.42,좋음,0.0033
2024-04-08:21,나쁨,84,나쁨,51,좋음,0.0293,보통,0.0424,좋음,0.52,좋음,0.0043
2024-04-08:20,나쁨,81,나쁨,49,좋음,0.0223,보통,0.0590,좋음,0.59,좋음,0.0049
2024-04-08:19,보통,73,나쁨,42,좋음,0.0265,보통,0.0580,좋음,0.54,좋음,0.0051
2024-04-08:18,보통,73,나쁨,41,보통,0.0498,보통,0.0401,좋음,0.48,좋음,0.0049
2024-04-08:17,보통,77,나쁨,45,보통,0.0632,보통,0.0419,좋음,0.50,좋음,0.0064
2024-04-08:16,보통,79,나쁨,46,보통,0.0723,보통,0.0449,좋음,0.47,좋음,0.0072
2024-04-08:15,보통,75,나쁨,45,보통,0.0897,보통,0.0402,좋음,0.52,좋음,0.0107
2024-04-08:14,나쁨,89,나쁨,52,보통,0.0880,좋음,0.0146,좋음,0.46,좋음,0.0054
2024-04-08:13,나쁨,106,나쁨,64,보통,0.0609,좋음,0.0268,좋음,0.46,좋음,0.0036
2024-04-08:12,나쁨,103,나쁨,64,보통,0.0337,보통,0.0542,좋음,0.57,좋음,0.0042
2024-04-08:11,나쁨,83,나쁨,49,좋음,0.0157,나쁨,0.0657,좋음,0.60,좋음,0.0049
2024-04-08:10,보통,60,보통,32,좋음,0.0153,보통,0.0590,좋음,0.57,좋음,0.0043
2024-04-08:09,보통,44,보통,23,좋음,0.0156,보통,0.0498,좋음,0.57,좋음,0.0033
2024-04-08:08,보통,41,보통,21,좋음,0.0219,보통,0.0334,좋음,0.56,좋음,0.0026
2024-04-08:07,보통,41,보통,20,보통,0.0393,좋음,0.0165,좋음,0.40,좋음,0.0024
2024-04-08:06,보통,40,보통,19,보통,0.0410,좋음,0.0084,좋음,0.36,좋음,0.0023
2024-04-08:05,보통,41,보통,18,보통,0.0463,좋음,0.0062,좋음,0.34,좋음,0.0023
2024-04-08:04,보통,41,보통,19,보통,0.0516,좋음,0.0036,좋음,0.35,좋음,0.0023
2024-04-08:03,보통,45,보통,20,보통,0.0557,좋음,0.0036,좋음,0.35,좋음,0.0024
2024-04-08:02,보통,44,보통,19,보통,0.0536,좋음,0.0045,좋음,0.37,좋음,0.0024
2024-04-08:01,보통,40,보통,20,보통,0.0524,좋음,0.0046,좋음,0.37,좋음,0.0024
2024-04-07:24,보통,42,보통,20,보통,0.0519,좋음,0.0052,좋음,0.36,좋음,0.0025
2024-04-07:23,보통,41,보통,19,보통,0.0509,좋음,0.0055,좋음,0.37,좋음,0.0024
2024-04-07:22,보통,41,보통,21,보통,0.0481,좋음,0.0051,좋음,0.34,좋음,0.0023
2024-04-07:21,보통,42,보통,21,보통,0.0502,좋음,0.0068,좋음,0.36,좋음,0.0025
2024-04-07:20,보통,44,보통,20,보통,0.0506,좋음,0.0095,좋음,0.40,좋음,0.0026
2024-04-07:19,보통,44,보통,19,보통,0.0555,좋음,0.0111,좋음,0.40,좋음,0.0028
2024-04-07:18,보통,43,좋음,14,보통,0.0679,좋음,0.0122,좋음,0.40,좋음,0.0028
2024-04-07:17,보통,39,좋음,14,보통,0.0684,좋음,0.0052,좋음,0.34,좋음,0.0022
2024-04-07:16,보통,37,보통,17,보통,0.0714,좋음,0.0045,좋음,0.36,좋음,0.0024
2024-04-07:15,보통,39,보통,24,보통,0.0713,좋음,0.0047,좋음,0.36,좋음,0.0024
2024-04-07:14,보통,45,보통,32,보통,0.0706,좋음,0.0051,좋음,0.38,좋음,0.0024
2024-04-07:13,보통,53,보통,34,보통,0.0791,좋음,0.0081,좋음,0.44,좋음,0.0029
2024-04-07:12,보통,50,보통,31,보통,0.0727,좋음,0.0139,좋음,0.47,좋음,0.0033
2024-04-07:11,보통,47,보통,27,보통,0.0702,좋음,0.0102,좋음,0.48,좋음,0.0031
2024-04-07:10,보통,42,보통,25,보통,0.0710,좋음,0.0080,좋음,0.48,좋음,0.0030
2024-04-07:09,보통,36,보통,22,보통,0.0632,좋음,0.0072,좋음,0.47,좋음,0.0031
2024-04-07:08,보통,37,보통,22,보통,0.0512,좋음,0.0057,좋음,0.53,좋음,0.0033
2024-04-07:07,보통,34,보통,22,보통,0.0375,좋음,0.0083,좋음,0.69,좋음,0.0035
2024-04-07:06,좋음,30,보통,18,보통,0.0427,좋음,0.0043,좋음,0.60,좋음,0.0032
2024-04-07:05,좋음,29,보통,17,보통,0.0420,좋음,0.0038,좋음,0.47,좋음,0.0026
2024-04-07:04,좋음,30,좋음,14,보통,0.0428,좋음,0.0035,좋음,0.37,좋음,0.0023
2024-04-07:03,좋음,30,좋음,14,보통,0.0444,좋음,0.0031,좋음,0.35,좋음,0.0022
2024-04-07:02,보통,31,보통,16,보통,0.0468,좋음,0.0033,좋음,0.35,좋음,0.0022
2024-04-07:01,보통,34,보통,18,보통,0.0487,좋음,0.0036,좋음,0.36,좋음,0.0023
2024-04-06:24,보통,35,보통,19,보통,0.0438,좋음,0.0045,좋음,0.37,좋음,0.0022
2024-04-06:23,보통,35,보통,19,보통,0.0451,좋음,0.0056,좋음,0.38,좋음,0.0023
2024-04-06:22,보통,39,보통,24,보통,0.0444,좋음,0.0053,좋음,0.39,좋음,0.0023
2024-04-06:21,보통,44,보통,28,보통,0.0437,좋음,0.0063,좋음,0.39,좋음,0.0023
2024-04-06:20,보통,49,보통,32,보통,0.0435,좋음,0.0114,좋음,0.46,좋음,0.0028
2024-04-06:19,보통,48,보통,35,보통,0.0445,좋음,0.0212,좋음,0.53,좋음,0.0035
2024-04-06:18,보통,44,보통,30,보통,0.0590,좋음,0.0201,좋음,0.49,좋음,0.0036
2024-04-06:17,보통,51,보통,30,보통,0.0639,좋음,0.0093,좋음,0.43,좋음,0.0029
2024-04-06:16,보통,59,보통,34,보통,0.0657,좋음,0.0084,좋음,0.44,좋음,0.0030
2024-04-06:15,보통,60,보통,34,보통,0.0523,좋음,0.0296,좋음,0.56,좋음,0.0043
2024-04-06:14,보통,63,보통,35,보통,0.0592,좋음,0.0230,좋음,0.58,좋음,0.0044
2024-04-06:13,보통,70,나쁨,42,보통,0.0665,좋음,0.0127,좋음,0.50,좋음,0.0039
2024-04-06:12,보통,71,나쁨,43,보통,0.0408,좋음,0.0296,좋음,0.47,좋음,0.0036
2024-04-06:11,보통,63,나쁨,38,보통,0.0337,보통,0.0329,좋음,0.44,좋음,0.0037
2024-04-06:10,보통,45,보통,27,좋음,0.0291,보통,0.0336,좋음,0.47,좋음,0.0039
2024-04-06:09,보통,31,보통,18,좋음,0.0267,보통,0.0348,좋음,0.48,좋음,0.0032
2024-04-06:08,,,좋음,14,보통,0.0343,좋음,0.0173,좋음,0.55,좋음,0.0027
2024-04-06:07,좋음,29,좋음,14,좋음,0.0300,좋음,0.0159,좋음,0.50,좋음,0.0023
2024-04-06:06,좋음,29,좋음,12,보통,0.0385,좋음,0.0047,좋음,0.30,좋음,0.0021
2024-04-06:05,좋음,29,좋음,12,보통,0.0402,좋음,0.0028,좋음,0.28,좋음,0.0020
2024-04-06:04,좋음,29,좋음,14,보통,0.0388,좋음,0.0027,좋음,0.28,좋음,0.0021
2024-04-06:03,좋음,29,좋음,13,보통,0.0385,좋음,0.0035,좋음,0.28,좋음,0.0021
2024-04-06:02,좋음,29,좋음,12,보통,0.0363,좋음,0.0054,좋음,0.29,좋음,0.0021
2024-04-06:01,좋음,30,좋음,9,보통,0.0367,좋음,0.0066,좋음,0.29,좋음,0.0021
2024-04-05:24,보통,31,좋음,7,보통,0.0387,좋음,0.0050,좋음,0.28,좋음,0.0020
2024-04-05:23,보통,32,좋음,10,보통,0.0430,좋음,0.0043,좋음,0.29,좋음,0.0020
2024-04-05:22,보통,34,좋음,15,보통,0.0481,좋음,0.0042,좋음,0.29,좋음,0.0021
2024-04-05:21,보통,34,좋음,15,보통,0.0496,좋음,0.0040,좋음,0.29,좋음,0.0022
2024-04-05:20,보통,35,보통,19,보통,0.0516,좋음,0.0044,좋음,0.29,좋음,0.0021
2024-04-05:19,보통,35,보통,20,보통,0.0559,좋음,0.0061,좋음,0.32,좋음,0.0021
2024-04-05:18,보통,36,좋음,14,보통,0.0581,좋음,0.0083,좋음,0.32,좋음,0.0022
2024-04-05:17,보통,38,좋음,12,보통,0.0604,좋음,0.0066,좋음,0.31,좋음,0.0022
2024-04-05:16,보통,38,좋음,12,보통,0.0602,좋음,0.0111,좋음,0.31,좋음,0.0023
2024-04-05:15,보통,35,좋음,14,보통,0.0588,좋음,0.0097,좋음,0.31,좋음,0.0021
2024-04-05:14,보통,39,좋음,15,보통,0.0587,좋음,0.0089,좋음,0.32,좋음,0.0023
2024-04-05:13,보통,43,보통,22,보통,0.0602,좋음,0.0050,좋음,0.30,좋음,0.0022
2024-04-05:12,보통,48,보통,33,보통,0.0570,좋음,0.0058,좋음,0.31,좋음,0.0022
2024-04-05:11,보통,50,나쁨,36,보통,0.0500,좋음,0.0123,좋음,0.32,좋음,0.0024
2024-04-05:10,보통,48,보통,25,보통,0.0442,좋음,0.0167,좋음,0.34,좋음,0.0026
2024-04-05:09,보통,45,보통,22,보통,0.0314,보통,0.0305,좋음,0.40,좋음,0.0030
2024-04-05:08,보통,44,보통,21,보통,0.0377,좋음,0.0195,좋음,0.37,좋음,0.0032
2024-04-05:07,보통,43,보통,20,보통,0.0395,좋음,0.0161,좋음,0.35,좋음,0.0031
2024-04-05:06,보통,41,보통,19,보통,0.0383,좋음,0.0126,좋음,0.34,좋음,0.0029
2024-04-05:05,보통,42,보통,19,보통,0.0420,좋음,0.0084,좋음,0.33,좋음,0.0028
2024-04-05:04,보통,44,보통,19,보통,0.0451,좋음,0.0072,좋음,0.35,좋음,0.0028
2024-04-05:03,보통,43,보통,19,보통,0.0457,좋음,0.0081,좋음,0.36,좋음,0.0031
2024-04-05:02,보통,42,보통,19,보통,0.0464,좋음,0.0079,좋음,0.35,좋음,0.0031
2024-04-05:01,보통,40,보통,16,보통,0.0475,좋음,0.0071,좋음,0.33,좋음,0.0030
2024-04-04:24,보통,42,보통,16,보통,0.0459,좋음,0.0094,좋음,0.34,좋음,0.0030
2024-04-04:23,보통,42,보통,18,보통,0.0460,좋음,0.0116,좋음,0.35,좋음,0.0031
2024-04-04:22,보통,41,보통,22,보통,0.0461,좋음,0.0112,좋음,0.35,좋음,0.0033
2024-04-04:21,보통,38,보통,18,보통,0.0495,좋음,0.0100,좋음,0.33,좋음,0.0034
2024-04-04:20,보통,40,좋음,14,보통,0.0504,좋음,0.0108,좋음,0.33,좋음,0.0024
2024-04-04:19,보통,43,좋음,15,보통,0.0545,좋음,0.0086,좋음,0.33,좋음,0.0022
2024-04-04:18,보통,46,좋음,15,보통,0.0558,좋음,0.0080,좋음,0.31,좋음,0.0022
2024-04-04:17,보통,43,보통,18,보통,0.0531,좋음,0.0120,좋음,0.33,좋음,0.0022
2024-04-04:16,보통,42,보통,19,보통,0.0588,좋음,0.0078,좋음,0.33,좋음,0.0025
2024-04-04:15,보통,42,보통,18,보통,0.0621,좋음,0.0094,좋음,0.35,좋음,0.0027
2024-04-04:14,보통,42,보통,18,보통,0.0608,좋음,0.0103,좋음,0.36,좋음,0.0028
2024-04-04:13,보통,41,보통,20,보통,0.0526,좋음,0.0123,좋음,0.39,좋음,0.0025
2024-04-04:12,보통,35,보통,18,보통,0.0498,좋음,0.0136,좋음,0.42,좋음,0.0026
2024-04-04:11,보통,32,보통,17,보통,0.0464,좋음,0.0136,좋음,0.43,좋음,0.0024
2024-04-04:10,좋음,27,좋음,13,보통,0.0424,좋음,0.0144,좋음,0.42,좋음,0.0023
2024-04-04:09,좋음,24,좋음,10,보통,0.0330,좋음,0.0177,좋음,0.48,좋음,0.0022
2024-04-04:08,좋음,21,좋음,9,보통,0.0309,좋음,0.0143,좋음,0.43,좋음,0.0023
2024-04-04:07,좋음,20,좋음,13,좋음,0.0258,좋음,0.0102,좋음,0.41,좋음,0.0021
2024-04-04:06,좋음,17,좋음,12,보통,0.0333,좋음,0.0054,좋음,0.35,좋음,0.0020
2024-04-04:05,좋음,16,좋음,9,보통,0.0336,좋음,0.0056,좋음,0.37,좋음,0.0022
2024-04-04:04,좋음,13,좋음,6,보통,0.0340,좋음,0.0068,좋음,0.37,좋음,0.0021
2024-04-04:03,좋음,13,좋음,5,보통,0.0390,좋음,0.0051,좋음,0.35,좋음,0.0019
2024-04-04:02,좋음,14,좋음,4,보통,0.0379,좋음,0.0058,좋음,0.36,좋음,0.0019
2024-04-04:01,좋음,13,좋음,6,보통,0.0426,좋음,0.0060,좋음,0.37,좋음,0.0020
2024-04-03:24,좋음,10,좋음,5,보통,0.0383,좋음,0.0083,좋음,0.39,좋음,0.0022
2024-04-03:23,좋음,9,좋음,5,보통,0.0449,좋음,0.0068,좋음,0.38,좋음,0.0021
2024-04-03:22,좋음,9,좋음,5,보통,0.0422,좋음,0.0110,좋음,0.41,좋음,0.0023
2024-04-03:21,좋음,8,좋음,5,보통,0.0456,좋음,0.0093,좋음,0.38,좋음,0.0020
2024-04-03:20,좋음,10,좋음,6,보통,0.0392,좋음,0.0161,좋음,0.39,좋음,0.0021
2024-04-03:19,좋음,8,좋음,7,보통,0.0421,좋음,0.0161,좋음,0.40,좋음,0.0020
2024-04-03:18,좋음,7,좋음,5,보통,0.0400,좋음,0.0191,좋음,0.42,좋음,0.0020
2024-04-03:17,좋음,9,좋음,6,보통,0.0359,좋음,0.0214,좋음,0.40,좋음,0.0021
2024-04-03:16,좋음,11,좋음,10,보통,0.0327,좋음,0.0249,좋음,0.41,좋음,0.0022
2024-04-03:15,좋음,9,,,좋음,0.0273,좋음,0.0303,좋음,0.41,좋음,0.0023
2024-04-03:14,좋음,13,,,보통,0.0326,좋음,0.0231,좋음,0.36,좋음,0.0023
2024-04-03:13,좋음,16,보통,16,좋음,0.0297,좋음,0.0255,좋음,0.38,좋음,0.0022
2024-04-03:12,좋음,17,좋음,10,좋음,0.0193,보통,0.0368,좋음,0.40,좋음,0.0023
2024-04-03:11,좋음,14,좋음,9,좋음,0.0233,보통,0.0332,좋음,0.38,좋음,0.0021
2024-04-03:10,좋음,15,좋음,11,보통,0.0333,좋음,0.0231,좋음,0.34,좋음,0.0021
2024-04-03:09,좋음,12,좋음,9,좋음,0.0207,보통,0.0363,좋음,0.40,좋음,0.0023
2024-04-03:08,좋음,12,좋음,12,보통,0.0329,좋음,0.0221,좋음,0.35,좋음,0.0022
2024-04-03:07,좋음,7,,,보통,0.0430,좋음,0.0130,좋음,0.32,좋음,0.0021
2024-04-03:06,좋음,7,좋음,5,보통,0.0473,좋음,0.0064,좋음,0.30,좋음,0.0022
2024-04-03:05,좋음,8,좋음,6,보통,0.0457,좋음,0.0070,좋음,0.33,좋음,0.0022
2024-04-03:04,좋음,11,좋음,8,보통,0.0504,좋음,0.0053,좋음,0.30,좋음,0.0022
2024-04-03:03,좋음,12,좋음,9,보통,0.0495,좋음,0.0059,좋음,0.31,좋음,0.0023
2024-04-03:02,좋음,12,좋음,9,보통,0.0489,좋음,0.0068,좋음,0.30,좋음,0.0024
2024-04-03:01,좋음,17,좋음,12,보통,0.0535,좋음,0.0041,좋음,0.28,좋음,0.0025
2024-04-02:24,좋음,26,좋음,14,보통,0.0557,좋음,0.0036,좋음,0.27,좋음,0.0021
2024-04-02:23,보통,33,보통,21,보통,0.0531,좋음,0.0068,좋음,0.31,좋음,0.0022
2024-04-02:22,보통,35,보통,25,보통,0.0473,좋음,0.0128,좋음,0.36,좋음,0.0026
2024-04-02:21,보통,38,보통,24,보통,0.0366,좋음,0.0146,좋음,0.41,좋음,0.0029
2024-04-02:20,보통,41,보통,19,보통,0.0398,좋음,0.0067,좋음,0.36,좋음,0.0027
2024-04-02:19,보통,46,보통,23,보통,0.0498,좋음,0.0057,좋음,0.33,좋음,0.0028
2024-04-02:18,보통,58,보통,31,보통,0.0593,좋음,0.0079,좋음,0.33,좋음,0.0030
2024-04-02:17,보통,58,보통,30,좋음,0.0253,보통,0.0524,좋음,0.43,좋음,0.0054
2024-04-02:16,보통,59,보통,30,보통,0.0497,좋음,0.0243,좋음,0.34,좋음,0.0033
2024-04-02:15,,,,,,,,,,,,
2024-04-02:14,,,,,,,,,,,,
2024-04-02:13,보통,80,나쁨,49,보통,0.0474,좋음,0.0300,좋음,0.38,좋음,0.0036
2024-04-02:12,보통,75,나쁨,43,좋음,0.0261,나쁨,0.0607,좋음,0.44,좋음,0.0046
2024-04-02:11,보통,59,보통,32,좋음,0.0215,나쁨,0.0627,좋음,0.43,좋음,0.0052
2024-04-02:10,보통,36,보통,17,좋음,0.0128,나쁨,0.0690,좋음,0.49,좋음,0.0050
2024-04-02:09,좋음,27,좋음,12,좋음,0.0193,보통,0.0378,좋음,0.48,좋음,0.0026
2024-04-02:08,좋음,28,좋음,12,보통,0.0439,좋음,0.0057,좋음,0.31,좋음,0.0023
2024-04-02:07,좋음,30,좋음,14,보통,0.0384,좋음,0.0154,좋음,0.32,좋음,0.0024
2024-04-02:06,보통,33,보통,17,보통,0.0458,좋음,0.0054,좋음,0.31,좋음,0.0024
2024-04-02:05,보통,37,보통,16,보통,0.0441,좋음,0.0095,좋음,0.34,좋음,0.0027
2024-04-02:04,보통,41,보통,17,보통,0.0448,좋음,0.0116,좋음,0.36,좋음,0.0031
2024-04-02:03,보통,40,좋음,15,보통,0.0426,좋음,0.0140,좋음,0.40,좋음,0.0035
2024-04-02:02,보통,37,좋음,13,보통,0.0420,좋음,0.0147,좋음,0.40,좋음,0.0034
2024-04-02:01,보통,37,좋음,13,보통,0.0467,좋음,0.0100,좋음,0.37,좋음,0.0030
2024-04-01:24,보통,33,좋음,12,보통,0.0506,좋음,0.0085,좋음,0.38,좋음,0.0030
2024-04-01:23,보통,31,좋음,11,보통,0.0533,좋음,0.0075,좋음,0.36,좋음,0.0029
2024-04-01:22,좋음,30,좋음,13,보통,0.0580,좋음,0.0067,좋음,0.35,좋음,0.0027
2024-04-01:21,좋음,30,좋음,12,보통,0.0639,좋음,0.0078,좋음,0.36,좋음,0.0028
2024-04-01:20,좋음,29,좋음,10,보통,0.0617,좋음,0.0086,좋음,0.37,좋음,0.0028
2024-04-01:19,좋음,30,좋음,10,보통,0.0728,좋음,0.0041,좋음,0.35,좋음,0.0030
2024-04-01:18,보통,31,좋음,13,보통,0.0752,좋음,0.0038,좋음,0.37,좋음,0.0029
2024-04-01:17,보통,32,좋음,14,보통,0.0767,좋음,0.0048,좋음,0.38,좋음,0.0032
2024-04-01:16,보통,33,좋음,14,보통,0.0725,좋음,0.0052,좋음,0.39,좋음,0.0031
2024-04-01:15,보통,35,좋음,15,보통,0.0707,좋음,0.0062,좋음,0.38,좋음,0.0029
2024-04-01:14,보통,39,보통,16,보통,0.0645,좋음,0.0088,좋음,0.40,좋음,0.0027
2024-04-01:13,보통,38,좋음,15,보통,0.0529,좋음,0.0125,좋음,0.39,좋음,0.0027
2024-04-01:12,보통,32,좋음,13,보통,0.0504,좋음,0.0142,좋음,0.38,좋음,0.0026
2024-04-01:11,보통,34,보통,19,보통,0.0511,좋음,0.0096,좋음,0.38,좋음,0.0027
2024-04-01:10,보통,38,보통,20,보통,0.0478,좋음,0.0094,좋음,0.44,좋음,0.0028
2024-04-01:09,보통,46,보통,21,보통,0.0390,좋음,0.0154,좋음,0.47,좋음,0.0031
2024-04-01:08,보통,57,보통,25,보통,0.0305,좋음,0.0144,좋음,0.61,좋음,0.0033
2024-04-01:07,보통,58,보통,27,좋음,0.0274,좋음,0.0137,좋음,0.63,좋음,0.0033
2024-04-01:06,보통,58,보통,29,좋음,0.0279,좋음,0.0117,좋음,0.75,좋음,0.0037
2024-04-01:05,보통,55,보통,26,좋음,0.0281,좋음,0.0125,좋음,0.80,좋음,0.0042
2024-04-01:04,보통,51,보통,19,보통,0.0322,좋음,0.0105,좋음,0.82,좋음,0.0040
2024-04-01:03,보통,45,좋음,12,보통,0.0406,좋음,0.0060,좋음,0.39,좋음,0.0022
2024-04-01:02,보통,45,좋음,12,보통,0.0399,좋음,0.0043,좋음,0.36,좋음,0.0019
2024-04-01:01,보통,49,좋음,11,보통,0.0395,좋음,0.0041,좋음,0.36,좋음,0.0019
2024-03-31:24,보통,53,좋음,13,보통,0.0359,좋음,0.0052,좋음,0.37,좋음,0.0020
2024-03-31:23,보통,55,좋음,13,보통,0.0345,좋음,0.0048,좋음,0.35,좋음,0.0019
2024-03-31:22,보통,57,좋음,13,보통,0.0342,좋음,0.0062,좋음,0.34,좋음,0.0020
2024-03-31:21,보통,56,좋음,11,보통,0.0370,좋음,0.0079,좋음,0.34,좋음,0.0020
2024-03-31:20,보통,56,좋음,12,보통,0.0421,좋음,0.0077,좋음,0.33,좋음,0.0021
2024-03-31:19,보통,53,좋음,13,보통,0.0514,좋음,0.0068,좋음,0.34,좋음,0.0022
2024-03-31:18,보통,55,좋음,14,보통,0.0532,좋음,0.0080,좋음,0.35,좋음,0.0021
2024-03-31:17,보통,58,보통,16,보통,0.0553,좋음,0.0087,좋음,0.36,좋음,0.0021
2024-03-31:16,보통,61,보통,20,보통,0.0577,좋음,0.0081,좋음,0.36,좋음,0.0021
2024-03-31:15,보통,65,보통,25,보통,0.0605,좋음,0.0082,좋음,0.38,좋음,0.0022
2024-03-31:14,보통,69,보통,27,보통,0.0651,좋음,0.0093,좋음,0.42,좋음,0.0026
2024-03-31:13,보통,69,보통,25,보통,0.0598,좋음,0.0112,좋음,0.47,좋음,0.0027
2024-03-31:12,보통,66,보통,26,보통,0.0534,좋음,0.0134,좋음,0.45,좋음,0.0026
2024-03-31:11,보통,63,보통,25,보통,0.0453,좋음,0.0176,좋음,0.49,좋음,0.0030
2024-03-31:10,보통,57,보통,23,보통,0.0423,좋음,0.0143,좋음,0.49,좋음,0.0028
2024-03-31:09,보통,56,보통,23,보통,0.0386,좋음,0.0130,좋음,0.49,좋음,0.0032
2024-03-31:08,보통,55,보통,19,보통,0.0346,좋음,0.0160,좋음,0.45,좋음,0.0038
2024-03-31:07,보통,51,보통,21,보통,0.0426,좋음,0.0095,좋음,0.40,좋음,0.0026
2024-03-31:06,보통,48,보통,27,보통,0.0439,좋음,0.0075,좋음,0.38,좋음,0.0022
2024-03-31:05,보통,51,보통,31,보통,0.0410,좋음,0.0064,좋음,0.53,좋음,0.0021
2024-03-31:04,보통,50,보통,29,보통,0.0410,좋음,0.0057,좋음,0.63,좋음,0.0024
2024-03-31:03,보통,48,보통,21,보통,0.0455,좋음,0.0060,좋음,0.65,좋음,0.0026
2024-03-31:02,보통,45,보통,17,보통,0.0505,좋음,0.0055,좋음,0.53,좋음,0.0023
2024-03-31:01,보통,39,보통,18,보통,0.0489,좋음,0.0066,좋음,0.46,좋음,0.0021
2024-03-30:24,보통,37,보통,18,보통,0.0569,좋음,0.0071,좋음,0.44,좋음,0.0022
2024-03-30:23,보통,36,보통,17,보통,0.0664,좋음,0.0049,좋음,0.42,좋음,0.0021
2024-03-30:22,보통,34,보통,16,보통,0.0697,좋음,0.0056,좋음,0.41,좋음,0.0022
2024-03-30:21,보통,34,좋음,14,보통,0.0736,좋음,0.0047,좋음,0.39,좋음,0.0022
2024-03-30:20,보통,32,좋음,12,보통,0.0744,좋음,0.0040,좋음,0.36,좋음,0.0022
2024-03-30:19,보통,33,좋음,12,보통,0.0713,좋음,0.0042,좋음,0.36,좋음,0.0022
2024-03-30:18,보통,38,좋음,11,보통,0.0700,좋음,0.0039,좋음,0.35,좋음,0.0022
2024-03-30:17,보통,50,좋음,14,보통,0.0707,좋음,0.0039,좋음,0.36,좋음,0.0022
2024-03-30:16,보통,73,보통,20,보통,0.0713,좋음,0.0037,좋음,0.39,좋음,0.0022
2024-03-30:15,나쁨,92,보통,26,보통,0.0749,좋음,0.0044,좋음,0.45,좋음,0.0022
2024-03-30:14,나쁨,99,보통,25,보통,0.0720,좋음,0.0050,좋음,0.47,좋음,0.0022
2024-03-30:13,나쁨,92,보통,23,보통,0.0676,좋음,0.0051,좋음,0.42,좋음,0.0023
2024-03-30:12,나쁨,82,보통,23,보통,0.0598,좋음,0.0067,좋음,0.43,좋음,0.0026
2024-03-30:11,보통,72,보통,19,보통,0.0536,좋음,0.0083,좋음,0.43,좋음,0.0025
2024-03-30:10,보통,64,보통,16,보통,0.0493,좋음,0.0083,좋음,0.34,좋음,0.0022
2024-03-30:09,보통,59,좋음,13,좋음,0.0288,좋음,0.0294,좋음,0.40,좋음,0.0027
2024-03-30:08,보통,60,좋음,14,보통,0.0378,좋음,0.0089,좋음,0.34,좋음,0.0020
2024-03-30:07,보통,65,보통,18,보통,0.0335,좋음,0.0106,좋음,0.32,좋음,0.0021
2024-03-30:06,보통,78,보통,27,보통,0.0388,좋음,0.0034,좋음,0.32,좋음,0.0021
2024-03-30:05,나쁨,103,나쁨,38,보통,0.0396,좋음,0.0054,좋음,0.39,좋음,0.0023
2024-03-30:04,나쁨,114,나쁨,45,보통,0.0423,좋음,0.0070,좋음,0.59,좋음,0.0027
2024-03-30:03,나쁨,115,나쁨,45,보통,0.0455,좋음,0.0065,좋음,0.62,좋음,0.0030
2024-03-30:02,나쁨,108,나쁨,43,보통,0.0547,좋음,0.0068,좋음,0.64,좋음,0.0033
2024-03-30:01,나쁨,96,나쁨,40,보통,0.0558,좋음,0.0063,좋음,0.63,좋음,0.0027
2024-03-29:24,보통,80,나쁨,39,보통,0.0565,좋음,0.0065,좋음,0.58,좋음,0.0022
2024-03-29:23,보통,67,나쁨,39,보통,0.0590,좋음,0.0067,좋음,0.57,좋음,0.0021
2024-03-29:22,보통,57,나쁨,41,보통,0.0623,좋음,0.0050,좋음,0.56,좋음,0.0019
2024-03-29:21,보통,56,나쁨,41,보통,0.0642,좋음,0.0044,좋음,0.54,좋음,0.0019
2024-03-29:20,보통,54,보통,34,보통,0.0630,좋음,0.0041,좋음,0.53,좋음,0.0019
2024-03-29:19,보통,52,보통,26,보통,0.0613,좋음,0.0044,좋음,0.50,좋음,0.0020
2024-03-29:18,보통,59,보통,22,보통,0.0621,좋음,0.0036,좋음,0.45,좋음,0.0024
2024-03-29:17,보통,71,보통,19,보통,0.0632,좋음,0.0031,좋음,0.39,좋음,0.0021
2024-03-29:16,나쁨,95,보통,20,보통,0.0615,좋음,0.0033,좋음,0.33,좋음,0.0022
2024-03-29:15,나쁨,137,보통,23,보통,0.0615,좋음,0.0022,좋음,0.30,좋음,0.0019
2024-03-29:14,매우나쁨,189,보통,29,보통,0.0576,좋음,0.0024,좋음,0.29,좋음,0.0020
2024-03-29:13,매우나쁨,233,나쁨,36,보통,0.0552,좋음,0.0031,좋음,0.29,좋음,0.0019
2024-03-29:12,매우나쁨,223,보통,34,보통,0.0548,좋음,0.0030,좋음,0.30,좋음,0.0019
2024-03-29:11,매우나쁨,171,보통,27,보통,0.0512,좋음,0.0026,좋음,0.30,좋음,0.0019
2024-03-29:10,나쁨,123,보통,18,보통,0.0468,좋음,0.0042,좋음,0.34,좋음,0.0023
2024-03-29:09,나쁨,92,좋음,13,보통,0.0440,좋음,0.0061,좋음,0.33,좋음,0.0025
2024-03-29:08,보통,78,좋음,10,보통,0.0366,좋음,0.0073,좋음,0.50,좋음,0.0027
2024-03-29:07,보통,72,좋음,10,좋음,0.0292,좋음,0.0073,좋음,0.40,좋음,0.0020
2024-03-29:06,보통,69,좋음,7,보통,0.0333,좋음,0.0048,좋음,0.31,좋음,0.0020
2024-03-29:05,보통,49,좋음,6,보통,0.0369,좋음,0.0025,좋음,0.29,좋음,0.0018
2024-03-29:04,좋음,23,좋음,2,보통,0.0453,좋음,0.0024,좋음,0.29,좋음,0.0019
2024-03-29:03,좋음,6,좋음,1,보통,0.0451,좋음,0.0025,좋음,0.29,좋음,0.0018
2024-03-29:02,좋음,6,좋음,4,보통,0.0428,좋음,0.0027,좋음,0.29,좋음,0.0019
2024-03-29:01,좋음,8,,,보통,0.0395,좋음,0.0035,좋음,0.30,좋음,0.0018
2024-03-28:24,좋음,7,,,보통,0.0331,좋음,0.0051,좋음,0.30,좋음,0.0018
2024-03-28:23,좋음,5,,,좋음,0.0290,좋음,0.0078,좋음,0.30,좋음,0.0018
2024-03-28:22,좋음,5,,,좋음,0.0271,좋음,0.0093,좋음,0.31,좋음,0.0019
2024-03-28:21,좋음,3,좋음,3,좋음,0.0288,좋음,0.0109,좋음,0.33,좋음,0.0019
2024-03-28:20,좋음,2,,,보통,0.0396,좋음,0.0095,좋음,0.32,좋음,0.0018
2024-03-28:19,좋음,4,좋음,4,보통,0.0470,좋음,0.0039,좋음,0.27,좋음,0.0019
2024-03-28:18,좋음,4,좋음,2,보통,0.0447,좋음,0.0068,좋음,0.27,좋음,0.0020
2024-03-28:17,좋음,4,좋음,3,보통,0.0421,좋음,0.0100,좋음,0.28,좋음,0.0021
2024-03-28:16,좋음,4,좋음,2,보통,0.0457,좋음,0.0053,좋음,0.26,좋음,0.0021
2024-03-28:15,좋음,5,좋음,4,보통,0.0432,좋음,0.0066,좋음,0.26,좋음,0.0021
2024-03-28:14,좋음,9,좋음,6,보통,0.0453,좋음,0.0048,좋음,0.27,좋음,0.0022
2024-03-28:13,좋음,13,좋음,9,보통,0.0453,좋음,0.0052,좋음,0.26,좋음,0.0021
2024-03-28:12,좋음,20,좋음,11,보통,0.0447,좋음,0.0071,좋음,0.27,좋음,0.0022
2024-03-28:11,좋음,20,좋음,12,보통,0.0428,좋음,0.0072,좋음,0.27,좋음,0.0022
2024-03-28:10,좋음,15,좋음,10,보통,0.0321,좋음,0.0171,좋음,0.30,좋음,0.0022
2024-03-28:09,좋음,13,좋음,8,좋음,0.0063,보통,0.0396,좋음,0.42,좋음,0.0027
2024-03-28:08,좋음,11,좋음,8,좋음,0.0085,좋음,0.0302,좋음,0.37,좋음,0.0024
2024-03-28:07,좋음,11,좋음,5,좋음,0.0158,좋음,0.0158,좋음,0.27,좋음,0.0024
2024-03-28:06,좋음,10,좋음,2,좋음,0.0297,좋음,0.0080,좋음,0.29,좋음,0.0020
2024-03-28:05,좋음,10,좋음,2,보통,0.0363,좋음,0.0038,좋음,0.26,좋음,0.0020
2024-03-28:04,좋음,11,좋음,2,보통,0.0440,좋음,0.0034,좋음,0.26,좋음,0.0020
2024-03-28:03,좋음,14,좋음,6,보통,0.0391,좋음,0.0034,좋음,0.26,좋음,0.0020
2024-03-28:02,좋음,15,좋음,6,보통,0.0344,좋음,0.0058,좋음,0.27,좋음,0.0024
2024-03-28:01,좋음,13,좋음,5,좋음,0.0275,좋음,0.0101,좋음,0.30,좋음,0.0025
2024-03-27:24,좋음,8,좋음,8,보통,0.0306,좋음,0.0088,좋음,0.28,좋음,0.0022
2024-03-27:23,좋음,12,,,보통,0.0351,좋음,0.0061,좋음,0.29,좋음,0.0022
2024-03-27:22,좋음,16,좋음,15,보통,0.0327,좋음,0.0128,좋음,0.36,좋음,0.0027
2024-03-27:21,좋음,13,좋음,7,보통,0.0359,좋음,0.0102,좋음,0.36,좋음,0.0027
2024-03-27:20,좋음,10,좋음,5,보통,0.0424,좋음,0.0091,좋음,0.33,좋음,0.0023
2024-03-27:19,좋음,8,좋음,4,보통,0.0532,좋음,0.0068,좋음,0.31,좋음,0.0024
2024-03-27:18,좋음,8,좋음,4,보통,0.0560,좋음,0.0055,좋음,0.30,좋음,0.0026
2024-03-27:17,좋음,9,좋음,4,보통,0.0582,좋음,0.0056,좋음,0.29,좋음,0.0025
2024-03-27:16,좋음,10,좋음,7,보통,0.0571,좋음,0.0061,좋음,0.30,좋음,0.0026
2024-03-27:15,좋음,13,좋음,8,보통,0.0522,좋음,0.0066,좋음,0.30,좋음,0.0027
2024-03-27:14,좋음,18,좋음,11,보통,0.0468,좋음,0.0078,좋음,0.30,좋음,0.0027
2024-03-27:13,좋음,28,보통,18,보통,0.0462,좋음,0.0081,좋음,0.31,좋음,0.0025
2024-03-27:12,보통,31,보통,20,보통,0.0346,좋음,0.0189,좋음,0.33,좋음,0.0029
2024-03-27:11,보통,32,보통,21,좋음,0.0241,좋음,0.0265,좋음,0.36,좋음,0.0029
2024-03-27:10,좋음,25,좋음,15,좋음,0.0188,보통,0.0306,좋음,0.41,좋음,0.0029
2024-03-27:09,좋음,19,좋음,11,좋음,0.0186,좋음,0.0238,좋음,0.44,좋음,0.0028
2024-03-27:08,좋음,19,좋음,9,좋음,0.0213,좋음,0.0092,좋음,0.37,좋음,0.0023
2024-03-27:07,좋음,18,좋음,7,좋음,0.0165,좋음,0.0089,좋음,0.33,좋음,0.0022
2024-03-27:06,좋음,15,좋음,5,좋음,0.0174,좋음,0.0082,좋음,0.34,좋음,0.0023
2024-03-27:05,좋음,13,좋음,3,좋음,0.0189,좋음,0.0066,좋음,0.34,좋음,0.0022
2024-03-27:04,좋음,11,좋음,4,좋음,0.0215,좋음,0.0063,좋음,0.32,좋음,0.0022
2024-03-27:03,좋음,12,좋음,5,좋음,0.0245,좋음,0.0053,좋음,0.32,좋음,0.0020
2024-03-27:02,좋음,8,좋음,7,좋음,0.0223,좋음,0.0062,좋음,0.31,좋음,0.0021
2024-03-27:01,좋음,9,,,좋음,0.0226,좋음,0.0077,좋음,0.33,좋음,0.0022
2024-03-26:24,좋음,11,,,좋음,0.0275,좋음,0.0066,좋음,0.32,좋음,0.0022
2024-03-26:23,좋음,15,좋음,9,보통,0.0349,좋음,0.0067,좋음,0.33,좋음,0.0021
2024-03-26:22,좋음,15,좋음,9,보통,0.0343,좋음,0.0083,좋음,0.39,좋음,0.0023
2024-03-26:21,좋음,15,좋음,10,보통,0.0345,좋음,0.0117,좋음,0.39,좋음,0.0023
2024-03-26:20,좋음,17,좋음,8,보통,0.0369,좋음,0.0097,좋음,0.33,좋음,0.0021
2024-03-26:19,좋음,24,좋음,10,보통,0.0331,좋음,0.0113,좋음,0.33,좋음,0.0021
2024-03-26:18,좋음,26,좋음,9,보통,0.0346,좋음,0.0166,좋음,0.32,좋음,0.0022
2024-03-26:17,좋음,23,좋음,6,보통,0.0347,좋음,0.0171,좋음,0.32,좋음,0.0023
2024-03-26:16,,,,,,,,,,,,
2024-03-26:15,,,,,,,,,,,,
2024-03-26:14,좋음,6,좋음,3,보통,0.0414,좋음,0.0077,좋음,0.30,좋음,0.0020
2024-03-26:13,좋음,8,좋음,3,보통,0.0424,좋음,0.0070,좋음,0.30,좋음,0.0021
2024-03-26:12,좋음,8,좋음,3,보통,0.0423,좋음,0.0078,좋음,0.29,좋음,0.0021
2024-03-26:11,좋음,10,좋음,4,보통,0.0413,좋음,0.0089,좋음,0.30,좋음,0.0021
2024-03-26:10,좋음,7,좋음,2,보통,0.0365,좋음,0.0153,좋음,0.30,좋음,0.0021
2024-03-26:09,좋음,5,좋음,3,보통,0.0333,좋음,0.0169,좋음,0.33,좋음,0.0022
2024-03-26:08,좋음,5,좋음,5,보통,0.0407,좋음,0.0075,좋음,0.31,좋음,0.0021
2024-03-26:07,좋음,8,,,보통,0.0418,좋음,0.0065,좋음,0.29,좋음,0.0021
2024-03-26:06,좋음,10,,,보통,0.0443,좋음,0.0058,좋음,0.28,좋음,0.0024
2024-03-26:05,좋음,11,좋음,7,보통,0.0460,좋음,0.0055,좋음,0.26,좋음,0.0021
2024-03-26:04,좋음,11,좋음,4,보통,0.0476,좋음,0.0040,좋음,0.26,좋음,0.0020
2024-03-26:03,좋음,13,좋음,3,보통,0.0463,좋음,0.0046,좋음,0.29,좋음,0.0020
2024-03-26:02,좋음,16,좋음,3,보통,0.0465,좋음,0.0047,좋음,0.29,좋음,0.0021
2024-03-26:01,좋음,16,좋음,5,보통,0.0484,좋음,0.0038,좋음,0.27,좋음,0.0021
2024-03-25:24,좋음,10,좋음,6,보통,0.0468,좋음,0.0067,좋음,0.31,좋음,0.0024
2024-03-25:23,좋음,9,좋음,7,보통,0.0449,좋음,0.0078,좋음,0.33,좋음,0.0023
2024-03-25:22,좋음,11,좋음,8,보통,0.0416,좋음,0.0112,좋음,0.36,좋음,0.0023
2024-03-25:21,좋음,13,좋음,10,보통,0.0437,좋음,0.0091,좋음,0.35,좋음,0.0024
2024-03-25:20,좋음,18,좋음,11,보통,0.0404,좋음,0.0116,좋음,0.35,좋음,0.0022
2024-03-25:19,좋음,25,좋음,14,보통,0.0386,좋음,0.0139,좋음,0.37,좋음,0.0021
2024-03-25:18,좋음,29,보통,16,보통,0.0342,좋음,0.0193,좋음,0.37,좋음,0.0022
2024-03-25:17,좋음,30,좋음,15,보통,0.0323,좋음,0.0237,좋음,0.37,좋음,0.0023
2024-03-25:16,보통,32,좋음,15,보통,0.0326,좋음,0.0235,좋음,0.36,좋음,0.0023
2024-03-25:15,보통,34,보통,16,보통,0.0314,좋음,0.0244,좋음,0.35,좋음,0.0022
2024-03-25:14,보통,35,보통,16,보통,0.0378,좋음,0.0195,좋음,0.36,좋음,0.0023
2024-03-25:13,보통,35,보통,17,보통,0.0458,좋음,0.0124,좋음,0.33,좋음,0.0024
2024-03-25:12,보통,35,좋음,15,보통,0.0401,좋음,0.0187,좋음,0.35,좋음,0.0024
2024-03-25:11,보통,31,좋음,14,보통,0.0364,좋음,0.0206,좋음,0.37,좋음,0.0024
2024-03-25:10,좋음,28,좋음,13,보통,0.0362,좋음,0.0189,좋음,0.36,좋음,0.0024
2024-03-25:09,좋음,27,좋음,10,보통,0.0376,좋음,0.0167,좋음,0.36,좋음,0.0024
2024-03-25:08,좋음,25,좋음,10,보통,0.0397,좋음,0.0129,좋음,0.36,좋음,0.0023
2024-03-25:07,좋음,23,좋음,11,보통,0.0411,좋음,0.0093,좋음,0.38,좋음,0.0022
2024-03-25:06,좋음,23,좋음,11,보통,0.0425,좋음,0.0055,좋음,0.32,좋음,0.0022
2024-03-25:05,좋음,24,좋음,12,보통,0.0436,좋음,0.0046,좋음,0.32,좋음,0.0021
2024-03-25:04,좋음,24,좋음,12,보통,0.0423,좋음,0.0048,좋음,0.31,좋음,0.0021
2024-03-25:03,좋음,21,좋음,11,보통,0.0439,좋음,0.0047,좋음,0.31,좋음,0.0021
2024-03-25:02,좋음,21,좋음,10,보통,0.0411,좋음,0.0062,좋음,0.32,좋음,0.0022
2024-03-25:01,좋음,18,좋음,7,보통,0.0423,좋음,0.0074,좋음,0.32,좋음,0.0022
2024-03-24:24,좋음,18,좋음,8,보통,0.0458,좋음,0.0060,좋음,0.33,좋음,0.0022
2024-03-24:23,좋음,16,좋음,9,보통,0.0455,좋음,0.0072,좋음,0.34,좋음,0.0023
2024-03-24:22,좋음,17,좋음,9,보통,0.0485,좋음,0.0063,좋음,0.34,좋음,0.0023
2024-03-24:21,좋음,16,좋음,9,보통,0.0478,좋음,0.0080,좋음,0.33,좋음,0.0022
2024-03-24:20,좋음,16,좋음,8,보통,0.0470,좋음,0.0083,좋음,0.35,좋음,0.0021
2024-03-24:19,좋음,19,좋음,10,보통,0.0460,좋음,0.0084,좋음,0.33,좋음,0.0021
2024-03-24:18,좋음,23,좋음,10,보통,0.0445,좋음,0.0111,좋음,0.33,좋음,0.0022
2024-03-24:17,좋음,22,좋음,9,보통,0.0460,좋음,0.0095,좋음,0.34,좋음,0.0022
2024-03-24:16,좋음,27,좋음,11,보통,0.0485,좋음,0.0075,좋음,0.33,좋음,0.0023
2024-03-24:15,좋음,29,좋음,12,보통,0.0480,좋음,0.0104,좋음,0.36,좋음,0.0025
2024-03-24:14,좋음,29,좋음,11,보통,0.0478,좋음,0.0108,좋음,0.37,좋음,0.0026
2024-03-24:13,좋음,29,좋음,12,보통,0.0463,좋음,0.0091,좋음,0.36,좋음,0.0022
2024-03-24:12,좋음,29,좋음,12,보통,0.0486,좋음,0.0076,좋음,0.35,좋음,0.0022
2024-03-24:11,좋음,29,좋음,13,보통,0.0472,좋음,0.0083,좋음,0.35,좋음,0.0022
2024-03-24:10,좋음,30,좋음,13,보통,0.0468,좋음,0.0083,좋음,0.34,좋음,0.0022
2024-03-24:09,좋음,30,좋음,13,보통,0.0394,좋음,0.0155,좋음,0.33,좋음,0.0024
2024-03-24:08,보통,31,좋음,14,보통,0.0469,좋음,0.0078,좋음,0.34,좋음,0.0025
2024-03-24:07,보통,31,좋음,14,보통,0.0512,좋음,0.0058,좋음,0.34,좋음,0.0025
2024-03-24:06,보통,31,좋음,14,보통,0.0512,좋음,0.0059,좋음,0.34,좋음,0.0025
2024-03-24:05,보통,32,좋음,14,보통,0.0491,좋음,0.0060,좋음,0.34,좋음,0.0027
2024-03-24:04,보통,34,좋음,13,보통,0.0513,좋음,0.0052,좋음,0.35,좋음,0.0023
2024-03-24:03,보통,39,좋음,15,보통,0.0532,좋음,0.0042,좋음,0.34,좋음,0.0021
2024-03-24:02,보통,43,좋음,15,보통,0.0553,좋음,0.0046,좋음,0.35,좋음,0.0020
2024-03-24:01,보통,46,보통,17,보통,0.0569,좋음,0.0046,좋음,0.34,좋음,0.0021
2024-03-23:24,보통,49,보통,17,보통,0.0532,좋음,0.0060,좋음,0.35,좋음,0.0021
2024-03-23:23,보통,47,보통,17,보통,0.0549,좋음,0.0049,좋음,0.35,좋음,0.0022
2024-03-23:22,보통,47,보통,21,보통,0.0538,좋음,0.0065,좋음,0.36,좋음,0.0023
2024-03-23:21,보통,58,보통,26,보통,0.0486,좋음,0.0121,좋음,0.37,좋음,0.0024
2024-03-23:20,보통,57,보통,25,보통,0.0495,좋음,0.0178,좋음,0.41,좋음,0.0032
2024-03-23:19,보통,57,보통,24,보통,0.0425,좋음,0.0164,좋음,0.44,좋음,0.0029
2024-03-23:18,보통,57,보통,24,보통,0.0647,좋음,0.0065,좋음,0.38,좋음,0.0039
2024-03-23:17,보통,56,보통,24,보통,0.0721,좋음,0.0050,좋음,0.39,좋음,0.0028
2024-03-23:16,보통,55,보통,22,보통,0.0727,좋음,0.0041,좋음,0.40,좋음,0.0027
2024-03-23:15,보통,56,보통,22,보통,0.0704,좋음,0.0044,좋음,0.40,좋음,0.0028
2024-03-23:14,보통,55,보통,22,보통,0.0689,좋음,0.0048,좋음,0.42,좋음,0.0028
2024-03-23:13,보통,56,보통,23,보통,0.0651,좋음,0.0051,좋음,0.41,좋음,0.0029
2024-03-23:12,보통,54,보통,23,보통,0.0579,좋음,0.0065,좋음,0.42,좋음,0.0030
2024-03-23:11,보통,50,보통,19,보통,0.0491,좋음,0.0137,좋음,0.45,좋음,0.0032
2024-03-23:10,보통,49,보통,17,보통,0.0517,좋음,0.0060,좋음,0.42,좋음,0.0030
2024-03-23:09,보통,44,보통,18,보통,0.0509,좋음,0.0048,좋음,0.44,좋음,0.0028
2024-03-23:08,보통,42,보통,22,보통,0.0508,좋음,0.0043,좋음,0.35,좋음,0.0024
2024-03-23:07,보통,37,보통,27,보통,0.0521,좋음,0.0039,좋음,0.31,좋음,0.0022
2024-03-23:06,좋음,30,보통,24,보통,0.0537,좋음,0.0025,좋음,0.29,좋음,0.0021
2024-03-23:05,좋음,28,보통,16,보통,0.0517,좋음,0.0026,좋음,0.27,좋음,0.0022
2024-03-23:04,좋음,24,좋음,9,보통,0.0509,좋음,0.0024,좋음,0.27,좋음,0.0023
2024-03-23:03,좋음,18,좋음,9,보통,0.0506,좋음,0.0023,좋음,0.26,좋음,0.0024
2024-03-23:02,좋음,11,좋음,6,보통,0.0520,좋음,0.0021,좋음,0.26,좋음,0.0024
2024-03-23:01,좋음,9,좋음,3,보통,0.0544,좋음,0.0021,좋음,0.26,좋음,0.0023
2024-03-22:24,좋음,8,좋음,2,보통,0.0555,좋음,0.0018,좋음,0.27,좋음,0.0023
2024-03-22:23,좋음,9,좋음,1,보통,0.0562,좋음,0.0025,좋음,0.28,좋음,0.0024
2024-03-22:22,좋음,15,좋음,4,보통,0.0576,좋음,0.0033,좋음,0.28,좋음,0.0023
2024-03-22:21,좋음,18,좋음,8,보통,0.0548,좋음,0.0036,좋음,0.27,좋음,0.0023
2024-03-22:20,좋음,20,좋음,14,보통,0.0544,좋음,0.0039,좋음,0.28,좋음,0.0024
2024-03-22:19,좋음,22,좋음,14,보통,0.0535,좋음,0.0049,좋음,0.29,좋음,0.0023
2024-03-22:18,좋음,21,좋음,9,보통,0.0557,좋음,0.0049,좋음,0.29,좋음,0.0025
2024-03-22:17,좋음,21,좋음,7,보통,0.0550,좋음,0.0063,좋음,0.29,좋음,0.0026
2024-03-22:16,좋음,17,좋음,6,보통,0.0529,좋음,0.0073,좋음,0.28,좋음,0.0025
2024-03-22:15,좋음,16,좋음,7,보통,0.0542,좋음,0.0045,좋음,0.28,좋음,0.0025
2024-03-22:14,좋음,15,좋음,9,보통,0.0537,좋음,0.0050,좋음,0.28,좋음,0.0027
2024-03-22:13,좋음,17,좋음,9,보통,0.0512,좋음,0.0049,좋음,0.29,좋음,0.0029
2024-03-22:12,좋음,21,좋음,9,보통,0.0538,좋음,0.0048,좋음,0.30,좋음,0.0026
2024-03-22:11,좋음,23,좋음,10,보통,0.0532,좋음,0.0049,좋음,0.29,좋음,0.0026
2024-03-22:10,좋음,24,좋음,11,보통,0.0508,좋음,0.0083,좋음,0.31,좋음,0.0026
2024-03-22:09,좋음,20,좋음,14,보통,0.0348,좋음,0.0223,좋음,0.44,좋음,0.0027
2024-03-22:08,좋음,20,보통,19,보통,0.0357,좋음,0.0143,좋음,0.42,좋음,0.0026
2024-03-22:07,좋음,16,좋음,15,보통,0.0362,좋음,0.0129,좋음,0.38,좋음,0.0027
2024-03-22:06,좋음,16,좋음,13,보통,0.0440,좋음,0.0047,좋음,0.33,좋음,0.0026
2024-03-22:05,좋음,15,좋음,14,보통,0.0443,좋음,0.0036,좋음,0.31,좋음,0.0027
2024-03-22:04,좋음,17,좋음,11,보통,0.0438,좋음,0.0036,좋음,0.32,좋음,0.0028
2024-03-22:03,좋음,18,좋음,11,보통,0.0425,좋음,0.0038,좋음,0.31,좋음,0.0027
2024-03-22:02,좋음,20,좋음,12,보통,0.0441,좋음,0.0042,좋음,0.33,좋음,0.0029
2024-03-22:01,좋음,22,좋음,14,보통,0.0448,좋음,0.0069,좋음,0.35,좋음,0.0030
2024-03-21:24,좋음,21,보통,16,보통,0.0466,좋음,0.0065,좋음,0.35,좋음,0.0031
2024-03-21:23,좋음,21,보통,20,보통,0.0472,좋음,0.0085,좋음,0.39,좋음,0.0034
2024-03-21:22,좋음,20,,,보통,0.0500,좋음,0.0093,좋음,0.40,좋음,0.0034
2024-03-21:21,좋음,22,좋음,13,보통,0.0528,좋음,0.0069,좋음,0.37,좋음,0.0033
2024-03-21:20,좋음,18,좋음,14,보통,0.0557,좋음,0.0072,좋음,0.38,좋음,0.0035
2024-03-21:19,좋음,23,보통,16,보통,0.0587,좋음,0.0058,좋음,0.38,좋음,0.0035
2024-03-21:18,좋음,27,보통,19,보통,0.0544,좋음,0.0053,좋음,0.33,좋음,0.0029
2024-03-21:17,좋음,29,보통,18,보통,0.0536,좋음,0.0065,좋음,0.32,좋음,0.0026
2024-03-21:16,좋음,28,보통,18,보통,0.0524,좋음,0.0069,좋음,0.32,좋음,0.0026
2024-03-21:15,좋음,30,보통,20,보통,0.0527,좋음,0.0051,좋음,0.34,좋음,0.0026
2024-03-21:14,좋음,29,보통,20,보통,0.0517,좋음,0.0058,좋음,0.39,좋음,0.0029
2024-03-21:13,좋음,28,보통,21,보통,0.0509,좋음,0.0058,좋음,0.37,좋음,0.0027
2024-03-21:12,좋음,28,보통,19,보통,0.0500,좋음,0.0055,좋음,0.32,좋음,0.0029
2024-03-21:11,좋음,27,보통,16,보통,0.0484,좋음,0.0065,좋음,0.32,좋음,0.0029
2024-03-21:10,좋음,26,보통,16,보통,0.0467,좋음,0.0068,좋음,0.32,좋음,0.0029
2024-03-21:09,좋음,25,좋음,15,보통,0.0409,좋음,0.0113,좋음,0.35,좋음,0.0028
2024-03-21:08,좋음,24,좋음,14,보통,0.0425,좋음,0.0067,좋음,0.36,좋음,0.0025
2024-03-21:07,좋음,24,좋음,15,보통,0.0377,좋음,0.0081,좋음,0.34,좋음,0.0026
2024-03-21:06,좋음,22,보통,17,보통,0.0438,좋음,0.0048,좋음,0.33,좋음,0.0025
2024-03-21:05,좋음,22,좋음,15,보통,0.0453,좋음,0.0041,좋음,0.31,좋음,0.0024
2024-03-21:04,좋음,24,좋음,13,보통,0.0451,좋음,0.0038,좋음,0.30,좋음,0.0025
2024-03-21:03,좋음,26,좋음,14,보통,0.0456,좋음,0.0034,좋음,0.30,좋음,0.0025
2024-03-21:02,좋음,25,좋음,14,보통,0.0453,좋음,0.0033,좋음,0.30,좋음,0.0025
2024-03-21:01,좋음,23,좋음,12,보통,0.0448,좋음,0.0043,좋음,0.29,좋음,0.0026
2024-03-20:24,좋음,23,좋음,14,보통,0.0445,좋음,0.0052,좋음,0.29,좋음,0.0027
2024-03-20:23,좋음,26,좋음,15,보통,0.0460,좋음,0.0055,좋음,0.31,좋음,0.0025
2024-03-20:22,좋음,24,좋음,15,보통,0.0463,좋음,0.0067,좋음,0.30,좋음,0.0024
2024-03-20:21,좋음,22,좋음,15,보통,0.0468,좋음,0.0060,좋음,0.32,좋음,0.0025
2024-03-20:20,좋음,23,좋음,15,보통,0.0458,좋음,0.0080,좋음,0.32,좋음,0.0024
2024-03-20:19,좋음,22,좋음,15,보통,0.0474,좋음,0.0091,좋음,0.34,좋음,0.0023
2024-03-20:18,좋음,20,좋음,15,보통,0.0504,좋음,0.0073,좋음,0.31,좋음,0.0024
2024-03-20:17,좋음,22,보통,16,보통,0.0525,좋음,0.0053,좋음,0.30,좋음,0.0025
2024-03-20:16,좋음,24,보통,16,보통,0.0527,좋음,0.0043,좋음,0.29,좋음,0.0024
2024-03-20:15,좋음,27,보통,17,보통,0.0523,좋음,0.0041,좋음,0.30,좋음,0.0026
2024-03-20:14,좋음,29,보통,18,보통,0.0521,좋음,0.0036,좋음,0.32,좋음,0.0028
2024-03-20:13,좋음,30,보통,20,보통,0.0518,좋음,0.0036,좋음,0.32,좋음,0.0025
2024-03-20:12,보통,31,보통,23,보통,0.0509,좋음,0.0039,좋음,0.33,좋음,0.0025
2024-03-20:11,보통,32,보통,22,보통,0.0491,좋음,0.0048,좋음,0.33,좋음,0.0025
2024-03-20:10,좋음,30,보통,22,보통,0.0465,좋음,0.0059,좋음,0.35,좋음,0.0024
2024-03-20:09,좋음,28,보통,21,보통,0.0440,좋음,0.0077,좋음,0.38,좋음,0.0024
2024-03-20:08,좋음,27,보통,17,보통,0.0448,좋음,0.0062,좋음,0.36,좋음,0.0023
2024-03-20:07,좋음,24,보통,16,보통,0.0453,좋음,0.0049,좋음,0.33,좋음,0.0023
2024-03-20:06,좋음,21,좋음,15,보통,0.0479,좋음,0.0032,좋음,0.31,좋음,0.0023
2024-03-20:05,좋음,21,보통,16,보통,0.0489,좋음,0.0025,좋음,0.29,좋음,0.0023
2024-03-20:04,좋음,24,좋음,15,보통,0.0494,좋음,0.0023,좋음,0.29,좋음,0.0022
2024-03-20:03,좋음,28,좋음,13,보통,0.0482,좋음,0.0029,좋음,0.29,좋음,0.0024
2024-03-20:02,보통,39,좋음,14,보통,0.0486,좋음,0.0027,좋음,0.29,좋음,0.0023
2024-03-20:01,보통,57,보통,20,보통,0.0493,좋음,0.0032,좋음,0.29,좋음,0.0023
2024-03-19:24,보통,80,보통,25,보통,0.0514,좋음,0.0036,좋음,0.31,좋음,0.0022
2024-03-19:23,나쁨,106,보통,29,보통,0.0548,좋음,0.0044,좋음,0.36,좋음,0.0023
2024-03-19:22,나쁨,119,보통,33,보통,0.0537,좋음,0.0055,좋음,0.38,좋음,0.0023
2024-03-19:21,나쁨,114,나쁨,37,보통,0.0553,좋음,0.0049,좋음,0.38,좋음,0.0026
2024-03-19:20,나쁨,93,나쁨,36,보통,0.0495,좋음,0.0066,좋음,0.40,좋음,0.0028
2024-03-19:19,보통,63,보통,20,보통,0.0512,좋음,0.0068,좋음,0.46,좋음,0.0027
2024-03-19:18,보통,45,좋음,13,보통,0.0540,좋음,0.0063,좋음,0.42,좋음,0.0025
2024-03-19:17,보통,39,좋음,13,보통,0.0566,좋음,0.0043,좋음,0.32,좋음,0.0025
2024-03-19:16,보통,38,좋음,12,보통,0.0579,좋음,0.0031,좋음,0.29,좋음,0.0024
2024-03-19:15,보통,38,좋음,14,보통,0.0579,좋음,0.0032,좋음,0.28,좋음,0.0023
2024-03-19:14,,,,,,,,,,,,
2024-03-19:13,,,,,,,,,,,,
2024-03-19:12,,,,,,,,,,,,
2024-03-19:11,좋음,29,좋음,9,보통,0.0530,좋음,0.0052,좋음,0.41,좋음,0.0040
2024-03-19:10,좋음,30,좋음,8,보통,0.0520,좋음,0.0045,좋음,0.38,좋음,0.0034
2024-03-19:09,보통,31,좋음,8,보통,0.0500,좋음,0.0063,좋음,0.32,좋음,0.0028
2024-03-19:08,보통,33,좋음,9,보통,0.0500,좋음,0.0048,좋음,0.33,좋음,0.0032
2024-03-19:07,보통,37,좋음,10,보통,0.0500,좋음,0.0049,좋음,0.38,좋음,0.0035
2024-03-19:06,보통,45,좋음,12,보통,0.0500,좋음,0.0065,좋음,0.45,좋음,0.0040
2024-03-19:05,보통,54,좋음,13,보통,0.0520,좋음,0.0052,좋음,0.44,좋음,0.0040
2024-03-19:04,보통,54,좋음,13,보통,0.0550,좋음,0.0043,좋음,0.36,좋음,0.0030
2024-03-19:03,보통,46,좋음,11,보통,0.0580,좋음,0.0044,좋음,0.34,좋음,0.0026
2024-03-19:02,보통,33,좋음,10,보통,0.0570,좋음,0.0042,좋음,0.33,좋음,0.0024
2024-03-19:01,좋음,28,좋음,9,보통,0.0530,좋음,0.0041,좋음,0.30,좋음,0.0024
2024-03-18:24,좋음,28,좋음,9,보통,0.0460,좋음,0.0042,좋음,0.28,좋음,0.0022
2024-03-18:23,좋음,29,좋음,9,보통,0.0490,좋음,0.0042,좋음,0.28,좋음,0.0021
2024-03-18:22,좋음,30,좋음,9,보통,0.0470,좋음,0.0047,좋음,0.29,좋음,0.0022
2024-03-18:21,좋음,30,좋음,10,보통,0.0490,좋음,0.0056,좋음,0.30,좋음,0.0023
2024-03-18:20,보통,31,좋음,10,보통,0.0450,좋음,0.0055,좋음,0.29,좋음,0.0022
2024-03-18:19,보통,34,좋음,10,보통,0.0510,좋음,0.0066,좋음,0.29,좋음,0.0023
2024-03-18:18,보통,36,좋음,11,보통,0.0540,좋음,0.0039,좋음,0.31,좋음,0.0022
2024-03-18:17,보통,39,좋음,11,보통,0.0540,좋음,0.0044,좋음,0.29,좋음,0.0024
2024-03-18:16,보통,41,좋음,11,보통,0.0540,좋음,0.0050,좋음,0.29,좋음,0.0024
2024-03-18:15,보통,52,좋음,12,보통,0.0530,좋음,0.0050,좋음,0.30,좋음,0.0023
2024-03-18:14,보통,65,보통,17,보통,0.0520,좋음,0.0050,좋음,0.31,좋음,0.0024
2024-03-18:13,보통,80,보통,22,보통,0.0510,좋음,0.0061,좋음,0.32,좋음,0.0025
2024-03-18:12,나쁨,92,보통,24,보통,0.0390,좋음,0.0150,좋음,0.35,좋음,0.0028
2024-03-18:11,나쁨,98,보통,24,보통,0.0360,좋음,0.0169,좋음,0.38,좋음,0.0029
2024-03-18:10,나쁨,93,보통,22,보통,0.0350,좋음,0.0166,좋음,0.39,좋음,0.0027
2024-03-18:09,나쁨,96,보통,21,보통,0.0320,좋음,0.0188,좋음,0.38,좋음,0.0028
2024-03-18:08,나쁨,103,보통,23,좋음,0.0300,좋음,0.0116,좋음,0.38,좋음,0.0025
2024-03-18:07,나쁨,113,보통,24,좋음,0.0280,좋음,0.0137,좋음,0.39,좋음,0.0024
2024-03-18:06,나쁨,116,보통,24,보통,0.0350,좋음,0.0060,좋음,0.40,좋음,0.0024
2024-03-18:05,나쁨,119,보통,22,보통,0.0370,좋음,0.0051,좋음,0.38,좋음,0.0023
2024-03-18:04,나쁨,115,보통,20,보통,0.0380,좋음,0.0053,좋음,0.38,좋음,0.0023
2024-03-18:03,나쁨,101,보통,21,보통,0.0410,좋음,0.0051,좋음,0.38,좋음,0.0024
2024-03-18:02,나쁨,89,보통,21,보통,0.0390,좋음,0.0057,좋음,0.39,좋음,0.0025
2024-03-18:01,나쁨,88,보통,21,보통,0.0400,좋음,0.0082,좋음,0.42,좋음,0.0029
2024-03-17:24,나쁨,87,보통,21,보통,0.0380,좋음,0.0101,좋음,0.40,좋음,0.0027
2024-03-17:23,나쁨,84,보통,20,보통,0.0360,좋음,0.0101,좋음,0.37,좋음,0.0026
2024-03-17:22,보통,78,보통,22,보통,0.0420,좋음,0.0072,좋음,0.36,좋음,0.0027
2024-03-17:21,보통,68,보통,20,보통,0.0460,좋음,0.0059,좋음,0.34,좋음,0.0023
2024-03-17:20,보통,49,보통,16,보통,0.0480,좋음,0.0060,좋음,0.34,좋음,0.0021
2024-03-17:19,보통,44,좋음,15,보통,0.0520,좋음,0.0070,좋음,0.34,좋음,0.0022
2024-03-17:18,보통,50,보통,16,보통,0.0590,좋음,0.0059,좋음,0.34,좋음,0.0022
2024-03-17:17,보통,44,좋음,14,보통,0.0620,좋음,0.0053,좋음,0.35,좋음,0.0022
2024-03-17:16,보통,31,좋음,12,보통,0.0640,좋음,0.0052,좋음,0.37,좋음,0.0024
2024-03-17:15,좋음,21,좋음,9,보통,0.0650,좋음,0.0050,좋음,0.38,좋음,0.0025
2024-03-17:14,좋음,15,좋음,9,보통,0.0620,좋음,0.0044,좋음,0.33,좋음,0.0022
2024-03-17:13,좋음,15,좋음,12,보통,0.0600,좋음,0.0043,좋음,0.35,좋음,0.0024
2024-03-17:12,좋음,13,좋음,12,보통,0.0590,좋음,0.0054,좋음,0.43,좋음,0.0028
2024-03-17:11,좋음,15,좋음,11,보통,0.0560,좋음,0.0062,좋음,0.42,좋음,0.0032
2024-03-17:10,좋음,17,좋음,12,보통,0.0540,좋음,0.0056,좋음,0.41,좋음,0.0031
2024-03-17:09,좋음,18,좋음,11,보통,0.0520,좋음,0.0061,좋음,0.38,좋음,0.0026
2024-03-17:08,좋음,17,좋음,11,보통,0.0560,좋음,0.0056,좋음,0.35,좋음,0.0024
2024-03-17:07,좋음,21,좋음,12,보통,0.0560,좋음,0.0052,좋음,0.37,좋음,0.0023
2024-03-17:06,좋음,25,좋음,13,보통,0.0540,좋음,0.0055,좋음,0.40,좋음,0.0027
2024-03-17:05,좋음,25,좋음,14,보통,0.0570,좋음,0.0055,좋음,0.38,좋음,0.0028
2024-03-17:04,좋음,26,좋음,15,보통,0.0500,좋음,0.0067,좋음,0.37,좋음,0.0030
2024-03-17:03,좋음,22,좋음,15,보통,0.0550,좋음,0.0068,좋음,0.37,좋음,0.0031
2024-03-17:02,좋음,17,좋음,15,보통,0.0570,좋음,0.0062,좋음,0.32,좋음,0.0024
2024-03-17:01,좋음,17,좋음,11,보통,0.0540,좋음,0.0059,좋음,0.31,좋음,0.0023
2024-03-16:24,좋음,19,좋음,9,보통,0.0630,좋음,0.0054,좋음,0.31,좋음,0.0023
2024-03-16:23,좋음,26,좋음,11,보통,0.0660,좋음,0.0057,좋음,0.30,좋음,0.0024
2024-03-16:22,좋음,30,좋음,13,보통,0.0630,좋음,0.0073,좋음,0.31,좋음,0.0026
2024-03-16:21,보통,32,좋음,14,보통,0.0640,좋음,0.0073,좋음,0.31,좋음,0.0027
2024-03-16:20,보통,35,좋음,14,보통,0.0670,좋음,0.0095,좋음,0.36,좋음,0.0028
2024-03-16:19,보통,38,보통,16,보통,0.0710,좋음,0.0098,좋음,0.37,좋음,0.0028
2024-03-16:18,보통,38,보통,18,보통,0.0780,좋음,0.0099,좋음,0.39,좋음,0.0030
2024-03-16:17,보통,43,보통,21,보통,0.0820,좋음,0.0091,좋음,0.40,좋음,0.0033
2024-03-16:16,보통,45,보통,24,보통,0.0800,좋음,0.0090,좋음,0.38,좋음,0.0032
2024-03-16:15,보통,48,보통,27,보통,0.0780,좋음,0.0101,좋음,0.39,좋음,0.0033
2024-03-16:14,보통,52,보통,27,보통,0.0720,좋음,0.0127,좋음,0.40,좋음,0.0035
2024-03-16:13,보통,55,보통,29,보통,0.0710,좋음,0.0104,좋음,0.40,좋음,0.0038
2024-03-16:12,보통,55,보통,30,보통,0.0640,좋음,0.0123,좋음,0.39,좋음,0.0038
2024-03-16:11,보통,50,보통,28,보통,0.0480,좋음,0.0241,좋음,0.38,좋음,0.0036
2024-03-16:10,보통,36,보통,19,보통,0.0310,보통,0.0414,좋음,0.39,좋음,0.0036
2024-03-16:09,좋음,28,좋음,15,보통,0.0320,좋음,0.0275,좋음,0.39,좋음,0.0026
2024-03-16:08,좋음,28,좋음,15,보통,0.0470,좋음,0.0080,좋음,0.37,좋음,0.0025
2024-03-16:07,좋음,27,좋음,15,보통,0.0500,좋음,0.0064,좋음,0.32,좋음,0.0025
2024-03-16:06,좋음,28,좋음,15,보통,0.0530,좋음,0.0063,좋음,0.29,좋음,0.0025
2024-03-16:05,좋음,28,좋음,14,보통,0.0550,좋음,0.0047,좋음,0.28,좋음,0.0026
2024-03-16:04,,,좋음,13,보통,0.0560,좋음,0.0050,좋음,0.29,좋음,0.0026
2024-03-16:03,좋음,29,좋음,14,보통,0.0520,좋음,0.0054,좋음,0.30,좋음,0.0026
2024-03-16:02,좋음,29,좋음,14,보통,0.0490,좋음,0.0055,좋음,0.31,좋음,0.0025
2024-03-16:01,좋음,29,보통,18,보통,0.0490,좋음,0.0060,좋음,0.31,좋음,0.0025
2024-03-15:24,좋음,29,보통,22,보통,0.0560,좋음,0.0079,좋음,0.33,좋음,0.0027
2024-03-15:23,좋음,29,보통,21,보통,0.0590,좋음,0.0111,좋음,0.39,좋음,0.0032
2024-03-15:22,좋음,29,보통,20,보통,0.0600,좋음,0.0145,좋음,0.41,좋음,0.0031
2024-03-15:21,좋음,28,보통,19,보통,0.0640,좋음,0.0141,좋음,0.42,좋음,0.0027
2024-03-15:20,좋음,27,보통,19,보통,0.0730,좋음,0.0070,좋음,0.35,좋음,0.0028
2024-03-15:19,좋음,26,보통,17,보통,0.0740,좋음,0.0063,좋음,0.35,좋음,0.0027
2024-03-15:18,좋음,21,좋음,13,보통,0.0780,좋음,0.0071,좋음,0.41,좋음,0.0031
2024-03-15:17,좋음,13,좋음,8,나쁨,0.0930,좋음,0.0090,좋음,0.47,좋음,0.0043
2024-03-15:16,좋음,8,좋음,7,보통,0.0690,좋음,0.0074,좋음,0.41,좋음,0.0037
2024-03-15:15,좋음,14,좋음,11,보통,0.0610,좋음,0.0042,좋음,0.30,좋음,0.0024
2024-03-15:14,좋음,25,보통,17,보통,0.0610,좋음,0.0044,좋음,0.31,좋음,0.0026
2024-03-15:13,좋음,30,보통,22,보통,0.0620,좋음,0.0091,좋음,0.33,좋음,0.0027
2024-03-15:12,좋음,28,보통,19,보통,0.0520,좋음,0.0217,좋음,0.38,좋음,0.0031
2024-03-15:11,좋음,28,보통,18,보통,0.0510,좋음,0.0153,좋음,0.37,좋음,0.0028
2024-03-15:10,좋음,28,보통,17,보통,0.0480,좋음,0.0182,좋음,0.38,좋음,0.0026
2024-03-15:09,좋음,28,보통,16,보통,0.0410,좋음,0.0202,좋음,0.72,좋음,0.0025
2024-03-15:08,좋음,30,보통,17,보통,0.0500,좋음,0.0086,좋음,0.37,좋음,0.0026
2024-03-15:07,좋음,30,보통,18,보통,0.0440,좋음,0.0120,좋음,0.32,좋음,0.0025
2024-03-15:06,보통,33,보통,22,보통,0.0480,좋음,0.0096,좋음,0.31,좋음,0.0025
2024-03-15:05,보통,35,보통,22,보통,0.0520,좋음,0.0055,좋음,0.33,좋음,0.0025
2024-03-15:04,보통,36,보통,23,보통,0.0490,좋음,0.0052,좋음,0.34,좋음,0.0025
2024-03-15:03,보통,38,보통,24,보통,0.0510,좋음,0.0059,좋음,0.33,좋음,0.0025
2024-03-15:02,보통,41,보통,25,보통,0.0510,좋음,0.0060,좋음,0.24,좋음,0.0027
2024-03-15:01,보통,41,보통,26,보통,0.0520,좋음,0.0078,좋음,0.18,좋음,0.0030
2024-03-14:24,보통,43,보통,28,보통,0.0560,좋음,0.0107,좋음,0.40,좋음,0.0029
2024-03-14:23,보통,42,보통,31,보통,0.0550,좋음,0.0135,좋음,0.42,좋음,0.0028
2024-03-14:22,보통,41,보통,26,보통,0.0560,좋음,0.0160,좋음,0.43,좋음,0.0030
2024-03-14:21,보통,41,보통,27,보통,0.0690,좋음,0.0092,좋음,0.39,좋음,0.0029
2024-03-14:20,보통,42,보통,27,보통,0.0700,좋음,0.0095,좋음,0.38,좋음,0.0028
2024-03-14:19,보통,42,보통,29,보통,0.0760,좋음,0.0086,좋음,0.39,좋음,0.0029
2024-03-14:18,보통,41,보통,27,나쁨,0.0910,좋음,0.0098,좋음,0.54,좋음,0.0045
2024-03-14:17,보통,38,보통,26,보통,0.0780,좋음,0.0101,좋음,0.49,좋음,0.0038
2024-03-14:16,보통,42,보통,27,보통,0.0730,좋음,0.0083,좋음,0.40,좋음,0.0033
2024-03-14:15,보통,46,보통,29,보통,0.0740,좋음,0.0090,좋음,0.39,좋음,0.0030
2024-03-14:14,보통,52,보통,30,보통,0.0740,좋음,0.0085,좋음,0.40,좋음,0.0031
2024-03-14:13,보통,52,보통,32,보통,0.0750,좋음,0.0082,좋음,0.43,좋음,0.0031
2024-03-14:12,보통,49,보통,34,보통,0.0720,좋음,0.0093,좋음,0.43,좋음,0.0032
2024-03-14:11,보통,47,보통,34,보통,0.0650,좋음,0.0134,좋음,0.43,좋음,0.0031
2024-03-14:10,보통,48,보통,34,보통,0.0630,좋음,0.0129,좋음,0.43,좋음,0.0031
2024-03-14:09,보통,46,보통,33,보통,0.0540,좋음,0.0204,좋음,0.53,좋음,0.0031
2024-03-14:08,보통,46,보통,32,보통,0.0520,좋음,0.0147,좋음,0.42,좋음,0.0028
2024-03-14:07,보통,48,보통,30,보통,0.0580,좋음,0.0114,좋음,0.42,좋음,0.0028
2024-03-14:06,보통,47,보통,27,보통,0.0680,좋음,0.0080,좋음,0.41,좋음,0.0030
2024-03-14:05,보통,35,보통,23,보통,0.0690,좋음,0.0059,좋음,0.40,좋음,0.0029
2024-03-14:04,좋음,25,보통,16,보통,0.0680,좋음,0.0052,좋음,0.38,좋음,0.0029
2024-03-14:03,좋음,19,좋음,7,보통,0.0620,좋음,0.0047,좋음,0.36,좋음,0.0027
2024-03-14:02,좋음,16,좋음,4,보통,0.0550,좋음,0.0037,좋음,0.32,좋음,0.0024
2024-03-14:01,좋음,14,좋음,6,보통,0.0530,좋음,0.0036,좋음,0.29,좋음,0.0024
2024-03-13:24,좋음,14,좋음,7,보통,0.0490,좋음,0.0057,좋음,0.32,좋음,0.0026
2024-03-13:23,좋음,17,좋음,6,보통,0.0450,좋음,0.0063,좋음,0.33,좋음,0.0025
2024-03-13:22,좋음,22,좋음,8,보통,0.0450,좋음,0.0088,좋음,0.33,좋음,0.0024
2024-03-13:21,좋음,21,좋음,10,보통,0.0530,좋음,0.0067,좋음,0.32,좋음,0.0022
2024-03-13:20,좋음,19,좋음,11,보통,0.0590,좋음,0.0054,좋음,0.34,좋음,0.0024
2024-03-13:19,좋음,17,좋음,12,보통,0.0600,좋음,0.0047,좋음,0.33,좋음,0.0024
2024-03-13:18,좋음,18,좋음,13,보통,0.0730,좋음,0.0062,좋음,0.38,좋음,0.0030
2024-03-13:17,좋음,17,좋음,12,보통,0.0700,좋음,0.0077,좋음,0.41,좋음,0.0032
2024-03-13:16,좋음,18,좋음,11,보통,0.0680,좋음,0.0059,좋음,0.44,좋음,0.0029
2024-03-13:15,좋음,21,좋음,14,보통,0.0630,좋음,0.0076,좋음,0.45,좋음,0.0029
2024-03-13:14,좋음,22,보통,16,보통,0.0620,좋음,0.0083,좋음,0.49,좋음,0.0029
2024-03-13:13,좋음,26,보통,19,보통,0.0570,좋음,0.0062,좋음,0.45,좋음,0.0027
2024-03-13:12,좋음,29,보통,21,보통,0.0460,좋음,0.0125,좋음,0.41,좋음,0.0023
2024-03-13:11,좋음,30,보통,22,보통,0.0480,좋음,0.0103,좋음,0.43,좋음,0.0022
2024-03-13:10,보통,33,보통,25,보통,0.0470,좋음,0.0089,좋음,0.44,좋음,0.0021
2024-03-13:09,보통,34,보통,25,보통,0.0370,좋음,0.0132,좋음,0.47,좋음,0.0021
2024-03-13:08,보통,33,보통,24,좋음,0.0280,좋음,0.0092,좋음,0.44,좋음,0.0020
2024-03-13:07,보통,34,보통,24,좋음,0.0240,좋음,0.0092,좋음,0.37,좋음,0.0021
2024-03-13:06,보통,33,보통,23,좋음,0.0290,좋음,0.0054,좋음,0.35,좋음,0.0021
2024-03-13:05,보통,33,보통,23,좋음,0.0290,좋음,0.0059,좋음,0.36,좋음,0.0020
2024-03-13:04,좋음,29,보통,24,좋음,0.0260,좋음,0.0070,좋음,0.36,좋음,0.0023
2024-03-13:03,좋음,28,보통,21,좋음,0.0260,좋음,0.0072,좋음,0.35,좋음,0.0021
2024-03-13:02,좋음,26,보통,18,좋음,0.0250,좋음,0.0073,좋음,0.36,좋음,0.0020
2024-03-13:01,좋음,23,좋음,15,좋음,0.0290,좋음,0.0072,좋음,0.40,좋음,0.0021
2024-03-12:24,좋음,20,좋음,14,보통,0.0330,좋음,0.0064,좋음,0.41,좋음,0.0022
2024-03-12:23,좋음,15,좋음,12,보통,0.0350,좋음,0.0075,좋음,0.37,좋음,0.0022
2024-03-12:22,좋음,11,좋음,9,보통,0.0340,좋음,0.0112,좋음,0.35,좋음,0.0023
2024-03-12:21,좋음,13,좋음,8,보통,0.0370,좋음,0.0073,좋음,0.31,좋음,0.0022
2024-03-12:20,좋음,18,좋음,11,보통,0.0380,좋음,0.0074,좋음,0.31,좋음,0.0022
2024-03-12:19,좋음,22,좋음,14,보통,0.0380,좋음,0.0124,좋음,0.39,좋음,0.0022
2024-03-12:18,좋음,24,좋음,13,보통,0.0450,좋음,0.0086,좋음,0.34,좋음,0.0023
2024-03-12:17,좋음,19,좋음,8,보통,0.0420,좋음,0.0147,좋음,0.35,좋음,0.0023
2024-03-12:16,좋음,15,좋음,5,보통,0.0480,좋음,0.0064,좋음,0.29,좋음,0.0022
2024-03-12:15,좋음,13,좋음,4,보통,0.0460,좋음,0.0066,좋음,0.28,좋음,0.0022
2024-03-12:14,좋음,13,좋음,5,보통,0.0490,좋음,0.0038,좋음,0.27,좋음,0.0022
2024-03-12:13,좋음,13,좋음,5,보통,0.0480,좋음,0.0049,좋음,0.27,좋음,0.0023
2024-03-12:12,좋음,13,좋음,4,보통,0.0450,좋음,0.0060,좋음,0.28,좋음,0.0022
2024-03-12:11,좋음,14,좋음,4,보통,0.0440,좋음,0.0056,좋음,0.28,좋음,0.0022
2024-03-12:10,좋음,12,좋음,4,보통,0.0400,좋음,0.0069,좋음,0.30,좋음,0.0021
2024-03-12:09,좋음,10,좋음,6,보통,0.0380,좋음,0.0097,좋음,0.31,좋음,0.0022
2024-03-12:08,좋음,13,좋음,12,보통,0.0340,좋음,0.0070,좋음,0.30,좋음,0.0021
2024-03-12:07,좋음,13,,,보통,0.0310,좋음,0.0090,좋음,0.32,좋음,0.0021
2024-03-12:06,좋음,14,,,보통,0.0350,좋음,0.0054,좋음,0.30,좋음,0.0023
2024-03-12:05,좋음,17,좋음,11,보통,0.0370,좋음,0.0049,좋음,0.32,좋음,0.0023
2024-03-12:04,좋음,18,좋음,10,보통,0.0310,좋음,0.0064,좋음,0.31,좋음,0.0024
2024-03-12:03,좋음,19,좋음,7,좋음,0.0250,좋음,0.0094,좋음,0.31,좋음,0.0025
2024-03-12:02,좋음,16,좋음,4,좋음,0.0260,좋음,0.0103,좋음,0.29,좋음,0.0025
2024-03-12:01,좋음,10,좋음,2,보통,0.0310,좋음,0.0081,좋음,0.29,좋음,0.0023
2024-03-11:24,좋음,5,좋음,3,보통,0.0380,좋음,0.0042,좋음,0.28,좋음,0.0024
2024-03-11:23,좋음,6,좋음,1,보통,0.0410,좋음,0.0034,좋음,0.27,좋음,0.0025
2024-03-11:22,좋음,3,좋음,1,보통,0.0440,좋음,0.0027,좋음,0.26,좋음,0.0026
2024-03-11:21,좋음,5,좋음,0,보통,0.0430,좋음,0.0031,좋음,0.25,좋음,0.0026
2024-03-11:20,좋음,6,좋음,1,보통,0.0380,좋음,0.0062,좋음,0.28,좋음,0.0026
2024-03-11:19,좋음,7,좋음,4,보통,0.0400,좋음,0.0051,좋음,0.27,좋음,0.0029
2024-03-11:18,좋음,11,좋음,3,보통,0.0400,좋음,0.0083,좋음,0.28,좋음,0.0030
2024-03-11:17,,,,,,,,,,,,
2024-03-11:16,,,,,,,,,,,,
2024-03-11:15,좋음,16,좋음,6,보통,0.0560,좋음,0.0069,좋음,0.28,좋음,0.0024
2024-03-11:14,좋음,20,좋음,9,보통,0.0580,좋음,0.0052,좋음,0.28,좋음,0.0025
2024-03-11:13,좋음,26,좋음,14,보통,0.0590,좋음,0.0049,좋음,0.29,좋음,0.0025
2024-03-11:12,보통,32,보통,20,보통,0.0620,좋음,0.0058,좋음,0.32,좋음,0.0028
2024-03-11:11,보통,37,보통,23,보통,0.0580,좋음,0.0079,좋음,0.34,좋음,0.0029
2024-03-11:10,보통,35,보통,22,보통,0.0470,좋음,0.0179,좋음,0.36,좋음,0.0030
2024-03-11:09,좋음,28,보통,20,좋음,0.0260,보통,0.0345,좋음,0.49,좋음,0.0028
2024-03-11:08,좋음,25,보통,17,보통,0.0440,좋음,0.0073,좋음,0.34,좋음,0.0025
2024-03-11:07,좋음,24,좋음,15,보통,0.0400,좋음,0.0122,좋음,0.33,좋음,0.0024
2024-03-11:06,좋음,22,좋음,13,보통,0.0460,좋음,0.0055,좋음,0.31,좋음,0.0024
2024-03-11:05,좋음,21,좋음,12,보통,0.0470,좋음,0.0043,좋음,0.32,좋음,0.0024
2024-03-11:04,좋음,19,좋음,11,보통,0.0490,좋음,0.0035,좋음,0.31,좋음,0.0025
2024-03-11:03,좋음,18,좋음,12,보통,0.0520,좋음,0.0044,좋음,0.32,좋음,0.0027
2024-03-11:02,좋음,17,좋음,12,보통,0.0520,좋음,0.0045,좋음,0.33,좋음,0.0027
2024-03-11:01,좋음,19,좋음,13,보통,0.0510,좋음,0.0050,좋음,0.33,좋음,0.0026
2024-03-10:24,좋음,22,좋음,14,보통,0.0510,좋음,0.0062,좋음,0.31,좋음,0.0025
2024-03-10:23,좋음,22,좋음,14,보통,0.0600,좋음,0.0061,좋음,0.31,좋음,0.0026
2024-03-10:22,좋음,22,좋음,13,보통,0.0600,좋음,0.0056,좋음,0.32,좋음,0.0027
2024-03-10:21,좋음,23,좋음,14,보통,0.0620,좋음,0.0056,좋음,0.30,좋음,0.0027
2024-03-10:20,좋음,22,좋음,13,보통,0.0640,좋음,0.0052,좋음,0.31,좋음,0.0027
2024-03-10:19,좋음,20,좋음,13,보통,0.0620,좋음,0.0054,좋음,0.30,좋음,0.0027
2024-03-10:18,좋음,18,좋음,11,보통,0.0590,좋음,0.0053,좋음,0.32,좋음,0.0027
2024-03-10:17,좋음,20,좋음,12,보통,0.0610,좋음,0.0053,좋음,0.29,좋음,0.0026
2024-03-10:16,좋음,24,좋음,14,보통,0.0600,좋음,0.0052,좋음,0.29,좋음,0.0027
2024-03-10:15,좋음,26,보통,16,보통,0.0610,좋음,0.0061,좋음,0.32,좋음,0.0029
2024-03-10:14,좋음,27,보통,19,보통,0.0560,좋음,0.0081,좋음,0.32,좋음,0.0029
2024-03-10:13,보통,31,보통,22,보통,0.0370,좋음,0.0239,좋음,0.32,좋음,0.0034
2024-03-10:12,보통,34,보통,22,보통,0.0440,좋음,0.0144,좋음,0.33,좋음,0.0034
2024-03-10:11,보통,35,보통,22,보통,0.0420,좋음,0.0164,좋음,0.39,좋음,0.0035
2024-03-10:10,보통,31,보통,22,보통,0.0420,좋음,0.0155,좋음,0.40,좋음,0.0033
2024-03-10:09,좋음,28,보통,20,보통,0.0400,좋음,0.0143,좋음,0.42,좋음,0.0031
2024-03-10:08,좋음,26,보통,17,보통,0.0390,좋음,0.0065,좋음,0.38,좋음,0.0028
2024-03-10:07,좋음,26,보통,18,보통,0.0410,좋음,0.0058,좋음,0.35,좋음,0.0028
2024-03-10:06,좋음,26,보통,17,보통,0.0390,좋음,0.0065,좋음,0.34,좋음,0.0027
2024-03-10:05,좋음,24,좋음,15,보통,0.0340,좋음,0.0097,좋음,0.33,좋음,0.0026
2024-03-10:04,좋음,22,좋음,13,보통,0.0380,좋음,0.0056,좋음,0.32,좋음,0.0027
2024-03-10:03,좋음,23,좋음,11,보통,0.0430,좋음,0.0034,좋음,0.32,좋음,0.0028
2024-03-10:02,좋음,24,좋음,10,보통,0.0420,좋음,0.0033,좋음,0.31,좋음,0.0027
2024-03-10:01,좋음,23,좋음,12,보통,0.0430,좋음,0.0037,좋음,0.32,좋음,0.0027
2024-03-09:24,좋음,21,좋음,12,보통,0.0450,좋음,0.0039,좋음,0.33,좋음,0.0027
2024-03-09:23,좋음,23,좋음,13,보통,0.0420,좋음,0.0050,좋음,0.34,좋음,0.0027
2024-03-09:22,좋음,24,좋음,14,보통,0.0450,좋음,0.0047,좋음,0.31,좋음,0.0026
2024-03-09:21,좋음,26,좋음,14,보통,0.0470,좋음,0.0054,좋음,0.32,좋음,0.0027
2024-03-09:20,좋음,27,보통,16,보통,0.0510,좋음,0.0069,좋음,0.32,좋음,0.0028
2024-03-09:19,좋음,27,보통,17,보통,0.0560,좋음,0.0052,좋음,0.32,좋음,0.0028
2024-03-09:18,좋음,27,보통,19,보통,0.0590,좋음,0.0047,좋음,0.31,좋음,0.0027
2024-03-09:17,좋음,25,보통,18,보통,0.0570,좋음,0.0056,좋음,0.32,좋음,0.0027
2024-03-09:16,좋음,24,보통,17,보통,0.0530,좋음,0.0057,좋음,0.32,좋음,0.0027
2024-03-09:15,좋음,26,보통,17,보통,0.0520,좋음,0.0057,좋음,0.31,좋음,0.0030
2024-03-09:14,좋음,29,보통,17,보통,0.0510,좋음,0.0060,좋음,0.32,좋음,0.0029
2024-03-09:13,보통,31,보통,20,보통,0.0500,좋음,0.0066,좋음,0.34,좋음,0.0029
2024-03-09:12,보통,33,보통,19,보통,0.0490,좋음,0.0059,좋음,0.35,좋음,0.0029
2024-03-09:11,보통,31,보통,19,보통,0.0460,좋음,0.0065,좋음,0.35,좋음,0.0029
2024-03-09:10,좋음,28,보통,18,보통,0.0450,좋음,0.0062,좋음,0.35,좋음,0.0029
2024-03-09:09,좋음,27,좋음,15,보통,0.0450,좋음,0.0062,좋음,0.33,좋음,0.0028
2024-03-09:08,좋음,25,좋음,13,보통,0.0440,좋음,0.0057,좋음,0.33,좋음,0.0028
2024-03-09:07,좋음,22,좋음,12,보통,0.0450,좋음,0.0056,좋음,0.32,좋음,0.0027
2024-03-09:06,좋음,20,좋음,11,보통,0.0460,좋음,0.0039,좋음,0.32,좋음,0.0026
2024-03-09:05,좋음,21,좋음,10,보통,0.0470,좋음,0.0031,좋음,0.28,좋음,0.0026
2024-03-09:04,좋음,20,좋음,8,보통,0.0470,좋음,0.0038,좋음,0.29,좋음,0.0025
2024-03-09:03,좋음,20,좋음,8,보통,0.0480,좋음,0.0035,좋음,0.29,좋음,0.0024
2024-03-09:02,좋음,20,좋음,7,보통,0.0490,좋음,0.0034,좋음,0.29,좋음,0.0024
2024-03-09:01,좋음,22,좋음,10,보통,0.0490,좋음,0.0042,좋음,0.29,좋음,0.0025
2024-03-08:24,좋음,24,좋음,12,보통,0.0500,좋음,0.0044,좋음,0.29,좋음,0.0026
2024-03-08:23,좋음,28,좋음,13,보통,0.0500,좋음,0.0049,좋음,0.30,좋음,0.0026
2024-03-08:22,좋음,30,좋음,14,보통,0.0520,좋음,0.0047,좋음,0.29,좋음,0.0028
2024-03-08:21,보통,32,좋음,14,보통,0.0520,좋음,0.0054,좋음,0.31,좋음,0.0028
2024-03-08:20,보통,32,좋음,14,보통,0.0510,좋음,0.0063,좋음,0.31,좋음,0.0027
2024-03-08:19,좋음,27,좋음,12,보통,0.0510,좋음,0.0068,좋음,0.32,좋음,0.0027
2024-03-08:18,좋음,24,좋음,11,보통,0.0510,좋음,0.0065,좋음,0.31,좋음,0.0025
2024-03-08:17,좋음,22,좋음,11,보통,0.0510,좋음,0.0071,좋음,0.28,좋음,0.0024
2024-03-08:16,좋음,23,좋음,14,보통,0.0510,좋음,0.0061,좋음,0.28,좋음,0.0024
2024-03-08:15,좋음,27,보통,18,보통,0.0520,좋음,0.0062,좋음,0.30,좋음,0.0025
2024-03-08:14,보통,34,보통,24,보통,0.0540,좋음,0.0053,좋음,0.33,좋음,0.0026
2024-03-08:13,보통,40,보통,30,보통,0.0540,좋음,0.0057,좋음,0.38,좋음,0.0027
2024-03-08:12,보통,47,보통,34,보통,0.0530,좋음,0.0077,좋음,0.41,좋음,0.0028
2024-03-08:11,보통,47,보통,35,보통,0.0530,좋음,0.0077,좋음,0.41,좋음,0.0027
2024-03-08:10,보통,46,나쁨,36,보통,0.0510,좋음,0.0093,좋음,0.41,좋음,0.0024
2024-03-08:09,보통,41,보통,31,보통,0.0470,좋음,0.0137,좋음,0.47,좋음,0.0023
2024-03-08:08,보통,33,보통,23,보통,0.0520,좋음,0.0082,좋음,0.42,좋음,0.0025
2024-03-08:07,좋음,28,보통,19,보통,0.0540,좋음,0.0057,좋음,0.38,좋음,0.0026
2024-03-08:06,좋음,25,보통,17,보통,0.0540,좋음,0.0044,좋음,0.35,좋음,0.0027
2024-03-08:05,좋음,24,보통,16,보통,0.0530,좋음,0.0034,좋음,0.33,좋음,0.0024
2024-03-08:04,좋음,26,좋음,15,보통,0.0510,좋음,0.0038,좋음,0.31,좋음,0.0025
2024-03-08:03,좋음,28,좋음,14,보통,0.0510,좋음,0.0035,좋음,0.33,좋음,0.0024
2024-03-08:02,보통,31,보통,16,보통,0.0520,좋음,0.0035,좋음,0.34,좋음,0.0024
2024-03-08:01,좋음,30,좋음,14,보통,0.0510,좋음,0.0048,좋음,0.36,좋음,0.0024
2024-03-07:24,좋음,27,좋음,14,보통,0.0480,좋음,0.0054,좋음,0.35,좋음,0.0023
2024-03-07:23,좋음,25,좋음,12,보통,0.0470,좋음,0.0068,좋음,0.35,좋음,0.0022
2024-03-07:22,좋음,21,좋음,12,보통,0.0460,좋음,0.0062,좋음,0.32,좋음,0.0022
2024-03-07:21,좋음,20,좋음,13,보통,0.0460,좋음,0.0062,좋음,0.31,좋음,0.0023
2024-03-07:20,좋음,21,좋음,15,보통,0.0470,좋음,0.0061,좋음,0.32,좋음,0.0023
2024-03-07:19,좋음,25,좋음,14,보통,0.0540,좋음,0.0042,좋음,0.32,좋음,0.0025
2024-03-07:18,좋음,26,좋음,15,보통,0.0580,좋음,0.0053,좋음,0.35,좋음,0.0028
2024-03-07:17,좋음,24,좋음,14,보통,0.0560,좋음,0.0076,좋음,0.36,좋음,0.0027
2024-03-07:16,좋음,23,좋음,12,보통,0.0580,좋음,0.0048,좋음,0.36,좋음,0.0027
2024-03-07:15,좋음,25,좋음,13,보통,0.0530,좋음,0.0076,좋음,0.35,좋음,0.0026
2024-03-07:14,좋음,30,보통,16,보통,0.0450,좋음,0.0104,좋음,0.34,좋음,0.0028
2024-03-07:13,좋음,30,보통,20,보통,0.0350,좋음,0.0202,좋음,0.36,좋음,0.0030
2024-03-07:12,좋음,28,보통,18,좋음,0.0300,좋음,0.0234,좋음,0.37,좋음,0.0030
2024-03-07:11,좋음,27,좋음,14,보통,0.0340,좋음,0.0191,좋음,0.36,좋음,0.0028
2024-03-07:10,좋음,25,좋음,11,보통,0.0340,좋음,0.0178,좋음,0.36,좋음,0.0026
2024-03-07:09,좋음,22,좋음,11,좋음,0.0290,좋음,0.0181,좋음,0.37,좋음,0.0024
2024-03-07:08,좋음,23,좋음,14,좋음,0.0290,좋음,0.0104,좋음,0.33,좋음,0.0023
2024-03-07:07,좋음,22,좋음,15,보통,0.0310,좋음,0.0140,좋음,0.34,좋음,0.0023
2024-03-07:06,좋음,23,좋음,13,보통,0.0350,좋음,0.0092,좋음,0.33,좋음,0.0023
2024-03-07:05,좋음,25,좋음,13,보통,0.0350,좋음,0.0048,좋음,0.31,좋음,0.0022
2024-03-07:04,좋음,26,좋음,14,보통,0.0340,좋음,0.0058,좋음,0.31,좋음,0.0023
2024-03-07:03,좋음,26,좋음,13,보통,0.0380,좋음,0.0084,좋음,0.32,좋음,0.0024
2024-03-07:02,좋음,26,좋음,13,보통,0.0350,좋음,0.0097,좋음,0.32,좋음,0.0028
2024-03-07:01,좋음,27,좋음,12,보통,0.0330,좋음,0.0073,좋음,0.31,좋음,0.0026
2024-03-06:24,좋음,26,좋음,11,보통,0.0370,좋음,0.0096,좋음,0.32,좋음,0.0028
2024-03-06:23,좋음,22,좋음,12,보통,0.0380,좋음,0.0109,좋음,0.34,좋음,0.0024
2024-03-06:22,좋음,20,좋음,12,보통,0.0380,좋음,0.0110,좋음,0.33,좋음,0.0025
2024-03-06:21,좋음,19,보통,16,보통,0.0390,좋음,0.0106,좋음,0.33,좋음,0.0024
2024-03-06:20,좋음,22,보통,19,보통,0.0390,좋음,0.0108,좋음,0.33,좋음,0.0024
2024-03-06:19,좋음,25,좋음,15,보통,0.0370,좋음,0.0140,좋음,0.39,좋음,0.0024
2024-03-06:18,좋음,26,좋음,15,보통,0.0390,좋음,0.0138,좋음,0.38,좋음,0.0024
2024-03-06:17,좋음,26,보통,16,보통,0.0390,좋음,0.0169,좋음,0.38,좋음,0.0025
2024-03-06:16,좋음,26,보통,17,보통,0.0340,좋음,0.0222,좋음,0.39,좋음,0.0029
2024-03-06:15,좋음,23,좋음,13,보통,0.0360,좋음,0.0214,좋음,0.40,좋음,0.0029
2024-03-06:14,좋음,23,보통,16,보통,0.0450,좋음,0.0134,좋음,0.37,좋음,0.0024
2024-03-06:13,좋음,29,보통,18,보통,0.0480,좋음,0.0088,좋음,0.35,좋음,0.0024
2024-03-06:12,보통,31,보통,19,보통,0.0420,좋음,0.0144,좋음,0.36,좋음,0.0023
2024-03-06:11,좋음,30,보통,19,보통,0.0360,좋음,0.0197,좋음,0.37,좋음,0.0026
2024-03-06:10,좋음,27,보통,16,보통,0.0350,좋음,0.0203,좋음,0.37,좋음,0.0024
2024-03-06:09,좋음,24,좋음,15,보통,0.0360,좋음,0.0167,좋음,0.39,좋음,0.0023
2024-03-06:08,좋음,20,좋음,12,보통,0.0390,좋음,0.0146,좋음,0.36,좋음,0.0023
2024-03-06:07,좋음,16,좋음,11,보통,0.0430,좋음,0.0111,좋음,0.35,좋음,0.0022
2024-03-06:06,좋음,14,좋음,9,보통,0.0500,좋음,0.0057,좋음,0.33,좋음,0.0022
2024-03-06:05,좋음,12,좋음,8,보통,0.0490,좋음,0.0055,좋음,0.30,좋음,0.0022
2024-03-06:04,좋음,12,좋음,7,보통,0.0500,좋음,0.0046,좋음,0.29,좋음,0.0022
2024-03-06:03,좋음,9,좋음,5,보통,0.0490,좋음,0.0057,좋음,0.30,좋음,0.0022
2024-03-06:02,좋음,8,좋음,5,보통,0.0490,좋음,0.0050,좋음,0.27,좋음,0.0022
2024-03-06:01,좋음,11,좋음,6,보통,0.0480,좋음,0.0055,좋음,0.27,좋음,0.0024
2024-03-05:24,좋음,15,좋음,7,보통,0.0470,좋음,0.0070,좋음,0.28,좋음,0.0024
2024-03-05:23,좋음,17,좋음,9,보통,0.0440,좋음,0.0100,좋음,0.30,좋음,0.0024
2024-03-05:22,좋음,15,좋음,6,보통,0.0440,좋음,0.0104,좋음,0.30,좋음,0.0023
2024-03-05:21,좋음,14,좋음,4,보통,0.0450,좋음,0.0101,좋음,0.30,좋음,0.0023
2024-03-05:20,좋음,12,좋음,4,보통,0.0460,좋음,0.0090,좋음,0.29,좋음,0.0022
2024-03-05:19,좋음,12,좋음,6,보통,0.0440,좋음,0.0102,좋음,0.29,좋음,0.0022
2024-03-05:18,좋음,12,좋음,9,보통,0.0400,좋음,0.0159,좋음,0.33,좋음,0.0022
2024-03-05:17,좋음,10,좋음,7,보통,0.0350,좋음,0.0214,좋음,0.34,좋음,0.0023
2024-03-05:16,좋음,10,좋음,7,보통,0.0360,좋음,0.0209,좋음,0.34,좋음,0.0023
2024-03-05:15,좋음,8,좋음,5,보통,0.0310,좋음,0.0273,좋음,0.35,좋음,0.0022
2024-03-05:14,좋음,7,좋음,4,보통,0.0400,좋음,0.0183,좋음,0.35,좋음,0.0023
2024-03-05:13,좋음,10,좋음,7,보통,0.0410,좋음,0.0181,좋음,0.34,좋음,0.0022
2024-03-05:12,좋음,10,좋음,7,보통,0.0340,좋음,0.0279,좋음,0.38,좋음,0.0022
2024-03-05:11,좋음,12,좋음,10,보통,0.0310,보통,0.0326,좋음,0.39,좋음,0.0023
2024-03-05:10,좋음,16,좋음,13,보통,0.0310,보통,0.0316,좋음,0.42,좋음,0.0024
2024-03-05:09,좋음,21,보통,16,보통,0.0340,좋음,0.0281,좋음,0.40,좋음,0.0023
2024-03-05:08,좋음,29,보통,20,보통,0.0450,좋음,0.0154,좋음,0.37,좋음,0.0022
2024-03-05:07,보통,36,보통,21,보통,0.0470,좋음,0.0143,좋음,0.39,좋음,0.0022
2024-03-05:06,보통,38,보통,23,보통,0.0510,좋음,0.0121,좋음,0.37,좋음,0.0023
2024-03-05:05,보통,44,보통,26,보통,0.0530,좋음,0.0089,좋음,0.34,좋음,0.0023
2024-03-05:04,보통,52,보통,29,보통,0.0550,좋음,0.0087,좋음,0.35,좋음,0.0024
2024-03-05:03,보통,55,보통,31,보통,0.0620,좋음,0.0063,좋음,0.38,좋음,0.0023
2024-03-05:02,보통,53,보통,31,보통,0.0610,좋음,0.0057,좋음,0.36,좋음,0.0024
2024-03-05:01,보통,53,보통,32,보통,0.0580,좋음,0.0061,좋음,0.37,좋음,0.0023
2024-03-04:24,보통,55,나쁨,36,보통,0.0530,좋음,0.0083,좋음,0.37,좋음,0.0025
2024-03-04:23,보통,61,나쁨,37,보통,0.0490,좋음,0.0105,좋음,0.44,좋음,0.0028
2024-03-04:22,보통,63,보통,33,보통,0.0390,좋음,0.0184,좋음,0.47,좋음,0.0030
2024-03-04:21,보통,65,보통,33,보통,0.0480,좋음,0.0145,좋음,0.46,좋음,0.0026
2024-03-04:20,보통,70,보통,33,보통,0.0550,좋음,0.0135,좋음,0.43,좋음,0.0027
2024-03-04:19,보통,72,보통,33,보통,0.0590,좋음,0.0127,좋음,0.43,좋음,0.0027
2024-03-04:18,보통,71,보통,28,보통,0.0610,좋음,0.0159,좋음,0.44,좋음,0.0027
2024-03-04:17,보통,72,보통,24,보통,0.0640,좋음,0.0095,좋음,0.36,좋음,0.0026
2024-03-04:16,보통,77,보통,30,보통,0.0640,좋음,0.0087,좋음,0.35,좋음,0.0027
2024-03-04:15,나쁨,81,나쁨,36,보통,0.0630,좋음,0.0120,좋음,0.41,좋음,0.0027
2024-03-04:14,나쁨,84,나쁨,44,,,,,,,,
2024-03-04:13,나쁨,84,나쁨,52,,,,,,,,
2024-03-04:12,나쁨,84,나쁨,55,보통,0.0510,좋음,0.0224,좋음,0.53,좋음,0.0032
2024-03-04:11,나쁨,86,나쁨,56,보통,0.0520,좋음,0.0173,좋음,0.55,좋음,0.0031
2024-03-04:10,나쁨,87,나쁨,61,보통,0.0520,좋음,0.0159,좋음,0.60,좋음,0.0032
2024-03-04:09,나쁨,86,나쁨,65,보통,0.0350,보통,0.0313,좋음,0.74,좋음,0.0038
2024-03-04:08,나쁨,86,나쁨,66,보통,0.0510,좋음,0.0154,좋음,0.67,좋음,0.0038
2024-03-04:07,나쁨,85,나쁨,65,보통,0.0550,좋음,0.0107,좋음,0.73,좋음,0.0045
2024-03-04:06,나쁨,85,나쁨,62,보통,0.0560,좋음,0.0101,좋음,0.74,좋음,0.0044
2024-03-04:05,나쁨,84,나쁨,59,보통,0.0560,좋음,0.0099,좋음,0.72,좋음,0.0041
2024-03-04:04,나쁨,81,나쁨,56,보통,0.0570,좋음,0.0091,좋음,0.66,좋음,0.0037
2024-03-04:03,보통,76,나쁨,52,보통,0.0570,좋음,0.0092,좋음,0.63,좋음,0.0039
2024-03-04:02,보통,72,나쁨,47,보통,0.0570,좋음,0.0088,좋음,0.61,좋음,0.0038
2024-03-04:01,보통,70,나쁨,42,보통,0.0560,좋음,0.0081,좋음,0.47,좋음,0.0031
2024-03-03:24,보통,69,나쁨,42,보통,0.0510,좋음,0.0084,좋음,0.45,좋음,0.0027
2024-03-03:23,보통,70,나쁨,42,보통,0.0490,좋음,0.0080,좋음,0.44,좋음,0.0025
2024-03-03:22,보통,70,나쁨,43,보통,0.0520,좋음,0.0080,좋음,0.44,좋음,0.0025
2024-03-03:21,보통,69,나쁨,43,보통,0.0530,좋음,0.0081,좋음,0.46,좋음,0.0025
2024-03-03:20,보통,67,나쁨,43,보통,0.0580,좋음,0.0068,좋음,0.45,좋음,0.0025
2024-03-03:19,보통,66,나쁨,42,보통,0.0590,좋음,0.0071,좋음,0.46,좋음,0.0024
2024-03-03:18,보통,65,나쁨,40,보통,0.0590,좋음,0.0078,좋음,0.45,좋음,0.0025
2024-03-03:17,보통,65,나쁨,40,보통,0.0610,좋음,0.0075,좋음,0.46,좋음,0.0026
2024-03-03:16,보통,65,나쁨,37,보통,0.0630,좋음,0.0067,좋음,0.45,좋음,0.0026
2024-03-03:15,보통,64,보통,35,보통,0.0640,좋음,0.0065,좋음,0.44,좋음,0.0026
2024-03-03:14,보통,64,나쁨,36,보통,0.0630,좋음,0.0067,좋음,0.43,좋음,0.0027
2024-03-03:13,보통,61,나쁨,38,보통,0.0600,좋음,0.0065,좋음,0.44,좋음,0.0026
2024-03-03:12,보통,58,나쁨,38,보통,0.0590,좋음,0.0071,좋음,0.44,좋음,0.0027
2024-03-03:11,보통,55,보통,35,보통,0.0580,좋음,0.0068,좋음,0.44,좋음,0.0029
2024-03-03:10,보통,53,나쁨,36,보통,0.0560,좋음,0.0078,좋음,0.43,좋음,0.0030
2024-03-03:09,보통,48,보통,34,보통,0.0560,좋음,0.0066,좋음,0.41,좋음,0.0030
2024-03-03:08,보통,43,보통,30,보통,0.0570,좋음,0.0050,좋음,0.42,좋음,0.0026
2024-03-03:07,보통,40,보통,26,보통,0.0550,좋음,0.0054,좋음,0.37,좋음,0.0027
2024-03-03:06,보통,39,보통,23,보통,0.0540,좋음,0.0049,좋음,0.35,좋음,0.0028
2024-03-03:05,보통,35,보통,20,보통,0.0530,좋음,0.0046,좋음,0.36,좋음,0.0030
2024-03-03:04,좋음,29,보통,18,보통,0.0510,좋음,0.0041,좋음,0.37,좋음,0.0028
2024-03-03:03,좋음,26,좋음,15,보통,0.0490,좋음,0.0044,좋음,0.32,좋음,0.0023
2024-03-03:02,좋음,23,좋음,11,보통,0.0490,좋음,0.0044,좋음,0.30,좋음,0.0024
2024-03-03:01,좋음,21,좋음,10,보통,0.0490,좋음,0.0038,좋음,0.29,좋음,0.0025
2024-03-02:24,좋음,23,좋음,8,보통,0.0460,좋음,0.0048,좋음,0.27,좋음,0.0024
2024-03-02:23,좋음,22,좋음,7,보통,0.0440,좋음,0.0046,좋음,0.26,좋음,0.0025
2024-03-02:22,좋음,20,좋음,8,보통,0.0470,좋음,0.0027,좋음,0.24,좋음,0.0025
2024-03-02:21,좋음,18,좋음,8,보통,0.0480,좋음,0.0022,좋음,0.24,좋음,0.0024
2024-03-02:20,좋음,18,좋음,7,보통,0.0490,좋음,0.0025,좋음,0.25,좋음,0.0026
2024-03-02:19,좋음,18,좋음,8,보통,0.0520,좋음,0.0025,좋음,0.27,좋음,0.0027
2024-03-02:18,좋음,18,좋음,9,보통,0.0520,좋음,0.0034,좋음,0.29,좋음,0.0029
2024-03-02:17,좋음,19,좋음,9,보통,0.0510,좋음,0.0039,좋음,0.31,좋음,0.0030
2024-03-02:16,좋음,20,좋음,8,보통,0.0490,좋음,0.0029,좋음,0.25,좋음,0.0025
2024-03-02:15,좋음,21,좋음,10,보통,0.0490,좋음,0.0038,좋음,0.28,좋음,0.0025
2024-03-02:14,좋음,23,좋음,11,보통,0.0460,좋음,0.0041,좋음,0.27,좋음,0.0025
2024-03-02:13,좋음,24,좋음,10,보통,0.0440,좋음,0.0058,좋음,0.28,좋음,0.0026
2024-03-02:12,좋음,26,좋음,10,보통,0.0430,좋음,0.0059,좋음,0.28,좋음,0.0026
2024-03-02:11,좋음,26,좋음,9,보통,0.0430,좋음,0.0057,좋음,0.29,좋음,0.0025
2024-03-02:10,좋음,25,좋음,9,보통,0.0440,좋음,0.0039,좋음,0.32,좋음,0.0024
2024-03-02:09,좋음,23,좋음,8,보통,0.0430,좋음,0.0043,좋음,0.29,좋음,0.0024
2024-03-02:08,좋음,23,좋음,7,보통,0.0420,좋음,0.0049,좋음,0.34,좋음,0.0024
2024-03-02:07,좋음,23,좋음,7,보통,0.0430,좋음,0.0038,좋음,0.28,좋음,0.0024
2024-03-02:06,좋음,22,좋음,8,보통,0.0440,좋음,0.0025,좋음,0.27,좋음,0.0024
2024-03-02:05,좋음,24,좋음,8,보통,0.0450,좋음,0.0019,좋음,0.27,좋음,0.0023
2024-03-02:04,좋음,28,좋음,8,보통,0.0430,좋음,0.0023,좋음,0.27,좋음,0.0023
2024-03-02:03,보통,34,좋음,9,보통,0.0430,좋음,0.0027,좋음,0.27,좋음,0.0023
2024-03-02:02,보통,36,좋음,10,보통,0.0430,좋음,0.0030,좋음,0.28,좋음,0.0023
2024-03-02:01,보통,37,좋음,11,보통,0.0430,좋음,0.0030,좋음,0.29,좋음,0.0024
2024-03-01:24,보통,39,좋음,12,보통,0.0430,좋음,0.0036,좋음,0.27,좋음,0.0024
2024-03-01:23,보통,38,좋음,11,보통,0.0430,좋음,0.0041,좋음,0.29,좋음,0.0024
2024-03-01:22,보통,34,좋음,9,보통,0.0430,좋음,0.0048,좋음,0.28,좋음,0.0024
2024-03-01:21,좋음,29,좋음,7,보통,0.0440,좋음,0.0044,좋음,0.28,좋음,0.0023
2024-03-01:20,좋음,23,좋음,6,보통,0.0440,좋음,0.0050,좋음,0.29,좋음,0.0022
2024-03-01:19,좋음,18,좋음,6,보통,0.0460,좋음,0.0043,좋음,0.26,좋음,0.0024
2024-03-01:18,좋음,15,좋음,7,보통,0.0470,좋음,0.0046,좋음,0.27,좋음,0.0023
2024-03-01:17,좋음,14,좋음,6,보통,0.0480,좋음,0.0039,좋음,0.26,좋음,0.0023
2024-03-01:16,좋음,13,좋음,7,보통,0.0490,좋음,0.0034,좋음,0.25,좋음,0.0023
2024-03-01:15,좋음,14,좋음,8,보통,0.0510,좋음,0.0032,좋음,0.25,좋음,0.0022
2024-03-01:14,좋음,15,좋음,1,보통,0.0490,좋음,0.0036,좋음,0.26,좋음,0.0023
2024-03-01:13,좋음,18,좋음,2,보통,0.0480,좋음,0.0032,좋음,0.26,좋음,0.0023
2024-03-01:12,좋음,22,좋음,9,보통,0.0460,좋음,0.0036,좋음,0.27,좋음,0.0023
2024-03-01:11,좋음,27,좋음,14,보통,0.0440,좋음,0.0045,좋음,0.30,좋음,0.0022
2024-03-01:10,보통,32,보통,21,보통,0.0440,좋음,0.0041,좋음,0.31,좋음,0.0020
2024-03-01:09,보통,39,보통,30,보통,0.0410,좋음,0.0051,좋음,0.33,좋음,0.0020
2024-03-01:08,보통,46,보통,35,보통,0.0410,좋음,0.0053,좋음,0.36,좋음,0.0020
2024-03-01:07,보통,49,보통,35,보통,0.0400,좋음,0.0069,좋음,0.41,좋음,0.0021
2024-03-01:06,보통,46,보통,33,보통,0.0380,좋음,0.0076,좋음,0.43,좋음,0.0021
2024-03-01:05,보통,36,보통,28,보통,0.0370,좋음,0.0073,좋음,0.41,좋음,0.0019
2024-03-01:04,좋음,27,보통,23,보통,0.0370,좋음,0.0073,좋음,0.37,좋음,0.0021
2024-03-01:03,좋음,21,보통,17,보통,0.0380,좋음,0.0068,좋음,0.33,좋음,0.0021
2024-03-01:02,좋음,15,좋음,7,보통,0.0420,좋음,0.0044,좋음,0.29,좋음,0.0019
2024-03-01:01,좋음,11,좋음,8,보통,0.0420,좋음,0.0051,좋음,0.30,좋음,0.0021
,,,,,,,,,,,,
,,,,,,,,,,,,
,,,,,,,,,,,,
