tm,pm10,pm25,o3,no2,co,so2
2024-06-30:24,,,0.0081,0.0057,0.24,0.0025
2024-06-30:23,,,0.0103,0.0052,0.22,0.0024
2024-06-30:22,,,0.0116,0.0060,0.21,0.0024
2024-06-30:21,,,0.0119,0.0065,0.21,0.0025
2024-06-30:20,,,0.0179,0.0058,0.21,0.0024
2024-06-30:19,,,0.0239,0.0034,0.19,0.0023
2024-06-30:18,,,0.0242,0.0028,0.19,0.0023
2024-06-30:17,,,0.0222,0.0033,0.18,0.0024
2024-06-30:16,,,0.0226,0.0031,0.17,0.0025
2024-06-30:15,,,0.0221,0.0034,0.17,0.0022
2024-06-30:14,,,0.0211,0.0041,0.18,0.0023
2024-06-30:13,,,0.0216,0.0038,0.17,0.0024
2024-06-30:12,,,0.0207,0.0042,0.18,0.0022
2024-06-30:11,,,0.0188,0.0046,0.18,0.0026
2024-06-30:10,,,0.0169,0.0058,0.19,0.0025
2024-06-30:09,,,0.0193,0.0052,0.19,0.0020
2024-06-30:08,,,0.0189,0.0052,0.20,0.0024
2024-06-30:07,,,0.0190,0.0047,0.19,0.0026
2024-06-30:06,,,0.0184,0.0044,0.18,0.0021
2024-06-30:05,,,0.0198,0.0046,0.20,0.0023
2024-06-30:04,,,0.0206,0.0040,0.18,0.0021
2024-06-30:03,,,0.0214,0.0038,0.17,0.0023
2024-06-30:02,,,0.0230,0.0035,0.16,0.0023
2024-06-30:01,,,0.0208,0.0038,0.15,0.0022
2024-06-29:24,,,0.0157,0.0050,0.16,0.0025
2024-06-29:23,,,0.0171,0.0041,0.15,0.0023
2024-06-29:22,,,0.0185,0.0038,0.14,0.0023
2024-06-29:21,,,0.0191,0.0039,0.14,0.0021
2024-06-29:20,,,0.0195,0.0049,0.16,0.0023
2024-06-29:19,,,0.0226,0.0055,0.19,0.0023
2024-06-29:18,,,0.0307,0.0051,0.22,0.0022
2024-06-29:17,,,0.0375,0.0044,0.22,0.0024
2024-06-29:16,,,0.0400,0.0046,0.22,0.0023
2024-06-29:15,,,0.0393,0.0045,0.22,0.0025
2024-06-29:14,,,0.0434,0.0044,0.22,0.0025
2024-06-29:13,,,0.0464,0.0040,0.23,0.0025
2024-06-29:12,,,0.0464,0.0059,0.37,0.0025
2024-06-29:11,,,0.0433,0.0062,0.33,0.0028
2024-06-29:10,,,0.0391,0.0050,0.29,0.0026
2024-06-29:09,,,0.0354,0.0051,0.27,0.0026
2024-06-29:08,,,0.0338,0.0051,0.23,0.0025
2024-06-29:07,,,0.0324,0.0051,0.24,0.0024
2024-06-29:06,,,0.0314,0.0053,0.24,0.0022
2024-06-29:05,,,0.0254,0.0061,0.23,0.0024
2024-06-29:04,,,0.0269,0.0071,0.22,0.0027
2024-06-29:03,,,0.0296,0.0068,0.21,0.0027
2024-06-29:02,,,0.0350,0.0066,0.21,0.0028
2024-06-29:01,,,0.0426,0.0060,0.21,0.0031
2024-06-28:24,,,0.0437,0.0063,0.22,0.0033
2024-06-28:23,,,0.0470,0.0065,0.21,0.0034
2024-06-28:22,,,0.0511,0.0072,0.24,0.0041
2024-06-28:21,,,0.0579,0.0079,0.29,0.0040
2024-06-28:20,,,0.0804,0.0100,0.49,0.0052
2024-06-28:19,,,0.1236,0.0118,0.60,0.0063
2024-06-28:18,,,0.1306,0.0093,0.58,0.0063
2024-06-28:17,,,0.0979,0.0059,0.55,0.0050
2024-06-28:16,,,0.0628,0.0039,0.35,0.0032
2024-06-28:15,,,,,,
2024-06-28:14,,,,,,
2024-06-28:13,,,,,,
2024-06-28:12,,,,,,
2024-06-28:11,,,,,,
2024-06-28:10,,,,,,
2024-06-28:09,,,,,,
2024-06-28:08,,,,,,
2024-06-28:07,,,,,,
2024-06-28:06,,,,,,
2024-06-28:05,,,,,,
2024-06-28:04,,,,,,
2024-06-28:03,,,,,,
2024-06-28:02,,,,,,
2024-06-28:01,,,,,,
2024-06-27:24,,,,,,
2024-06-27:23,,,,,,
2024-06-27:22,,,,,,
2024-06-27:21,,,,,,
2024-06-27:20,,,,,,
2024-06-27:19,,,,,,
2024-06-27:18,,,,,,
2024-06-27:17,,,,,,
2024-06-27:16,,,,,,
2024-06-27:15,,,,,,
2024-06-27:14,,,,,,
2024-06-27:13,,,,,,
2024-06-27:12,,,,,,
2024-06-27:11,,,,,,
2024-06-27:10,25,14,0.0321,0.0154,0.34,0.0027
2024-06-27:09,24,20,0.0267,0.0172,0.36,0.0025
2024-06-27:08,23,15,0.0174,0.0179,0.36,0.0022
2024-06-27:07,25,18,0.0166,0.0174,0.36,0.0027
2024-06-27:06,25,19,0.0170,0.0160,0.36,0.0024
2024-06-27:05,26,16,0.0189,0.0160,0.34,0.0023
2024-06-27:04,26,15,0.0236,0.0153,0.35,0.0029
2024-06-27:03,25,20,0.0250,0.0167,0.35,0.0026
2024-06-27:02,27,17,0.0284,0.0165,0.36,0.0027
2024-06-27:01,26,21,0.0356,0.0164,0.35,0.0030
2024-06-26:24,24,15,0.0396,0.0168,0.35,0.0033
2024-06-26:23,21,12,0.0513,0.0139,0.29,0.0040
2024-06-26:22,22,9,0.0559,0.0129,0.28,0.0041
2024-06-26:21,23,11,0.0580,0.0124,0.24,0.0038
2024-06-26:20,29,18,0.0714,0.0137,0.43,0.0058
2024-06-26:19,19,12,0.0669,0.0115,0.31,0.0036
2024-06-26:18,16,11,0.0551,0.0090,0.20,0.0025
2024-06-26:17,20,9,0.0554,0.0088,0.19,0.0023
2024-06-26:16,14,7,0.0548,0.0082,0.20,0.0024
2024-06-26:15,15,8,0.0547,0.0082,0.19,0.0024
2024-06-26:14,11,5,0.0548,0.0084,0.19,0.0024
2024-06-26:13,10,5,0.0550,0.0080,0.19,0.0024
2024-06-26:12,14,6,0.0532,0.0087,0.19,0.0025
2024-06-26:11,17,11,0.0510,0.0092,0.19,0.0023
2024-06-26:10,16,10,0.0481,0.0102,0.20,0.0025
2024-06-26:09,12,8,0.0404,0.0120,0.19,0.0024
2024-06-26:08,14,7,0.0324,0.0133,0.20,0.0024
2024-06-26:07,16,6,0.0301,0.0129,0.19,0.0024
2024-06-26:06,18,9,0.0318,0.0118,0.19,0.0024
2024-06-26:05,18,8,0.0350,0.0111,0.19,0.0022
2024-06-26:04,15,12,0.0384,0.0106,0.19,0.0027
2024-06-26:03,17,7,0.0376,0.0112,0.19,0.0026
2024-06-26:02,16,11,0.0343,0.0142,0.20,0.0024
2024-06-26:01,19,10,0.0358,0.0146,0.20,0.0025
2024-06-25:24,20,11,0.0346,0.0201,0.20,0.0026
2024-06-25:23,18,6,0.0483,0.0146,0.22,0.0023
2024-06-25:22,18,13,0.0595,0.0105,0.22,0.0026
2024-06-25:21,20,14,0.0633,0.0104,0.23,0.0026
2024-06-25:20,18,12,0.0668,0.0096,0.23,0.0027
2024-06-25:19,18,12,0.0660,0.0099,0.23,0.0027
2024-06-25:18,19,10,0.0611,0.0094,0.22,0.0024
2024-06-25:17,21,11,0.0544,0.0099,0.20,0.0025
2024-06-25:16,12,4,0.0547,0.0085,0.20,0.0024
2024-06-25:15,10,2,0.0551,0.0079,0.18,0.0025
2024-06-25:14,9,3,0.0523,0.0080,0.19,0.0025
2024-06-25:13,12,5,0.0501,0.0078,0.18,0.0022
2024-06-25:12,8,2,0.0502,0.0078,0.18,0.0026
2024-06-25:11,13,1,0.0490,0.0079,0.18,0.0024
2024-06-25:10,16,5,0.0499,0.0080,0.18,0.0025
2024-06-25:09,20,12,0.0486,0.0099,0.21,0.0026
2024-06-25:08,22,8,0.0448,0.0120,0.23,0.0028
2024-06-25:07,24,11,0.0451,0.0111,0.22,0.0025
2024-06-25:06,33,12,0.0473,0.0101,0.21,0.0023
2024-06-25:05,47,17,0.0479,0.0093,0.21,0.0024
2024-06-25:04,68,23,0.0523,0.0089,0.21,0.0025
2024-06-25:03,116,30,0.0531,0.0100,0.23,0.0021
2024-06-25:02,141,39,0.0542,0.0103,0.25,0.0024
2024-06-25:01,138,38,0.0579,0.0097,0.25,0.0023
2024-06-24:24,105,27,0.0638,0.0104,0.26,0.0025
2024-06-24:23,79,26,0.0736,0.0115,0.28,0.0023
2024-06-24:22,69,24,0.0728,0.0120,0.29,0.0023
2024-06-24:21,73,33,0.0707,0.0129,0.31,0.0026
2024-06-24:20,99,30,0.0742,0.0124,0.31,0.0024
2024-06-24:19,92,30,0.0721,0.0142,0.29,0.0026
2024-06-24:18,52,26,0.0701,0.0156,0.29,0.0028
2024-06-24:17,40,27,0.0609,0.0166,0.33,0.0024
2024-06-24:16,37,23,0.0687,0.0153,0.34,0.0027
2024-06-24:15,30,19,0.0683,0.0151,0.33,0.0025
2024-06-24:14,29,19,0.0601,0.0146,0.31,0.0024
2024-06-24:13,30,21,0.0548,0.0149,0.30,0.0026
2024-06-24:12,25,17,0.0512,0.0146,0.29,0.0024
2024-06-24:11,24,22,0.0446,0.0143,0.27,0.0027
2024-06-24:10,23,21,0.0355,0.0148,0.27,0.0026
2024-06-24:09,29,13,0.0265,0.0164,0.28,0.0023
2024-06-24:08,31,17,0.0147,0.0179,0.29,0.0026
2024-06-24:07,36,19,0.0120,0.0173,0.29,0.0024
2024-06-24:06,33,20,0.0089,0.0191,0.28,0.0025
2024-06-24:05,32,22,0.0105,0.0189,0.28,0.0023
2024-06-24:04,29,14,0.0144,0.0174,0.27,0.0025
2024-06-24:03,31,17,0.0188,0.0169,0.26,0.0024
2024-06-24:02,27,14,0.0216,0.0171,0.26,0.0025
2024-06-24:01,25,18,0.0247,0.0159,0.26,0.0025
2024-06-23:24,24,15,0.0262,0.0162,0.24,0.0025
2024-06-23:23,23,14,0.0270,0.0158,0.25,0.0020
2024-06-23:22,22,5,0.0268,0.0174,0.26,0.0024
2024-06-23:21,25,14,0.0331,0.0164,0.26,0.0025
2024-06-23:20,17,10,0.0405,0.0153,0.25,0.0025
2024-06-23:19,14,5,0.0448,0.0146,0.25,0.0024
2024-06-23:18,19,6,0.0469,0.0146,0.26,0.0023
2024-06-23:17,13,7,0.0505,0.0144,0.27,0.0024
2024-06-23:16,20,9,0.0503,0.0145,0.27,0.0025
2024-06-23:15,19,7,0.0476,0.0137,0.25,0.0024
2024-06-23:14,18,11,0.0453,0.0144,0.26,0.0024
2024-06-23:13,14,9,0.0439,0.0146,0.27,0.0025
2024-06-23:12,9,7,0.0406,0.0150,0.28,0.0022
2024-06-23:11,10,3,0.0335,0.0155,0.29,0.0026
2024-06-23:10,8,4,0.0297,0.0162,0.29,0.0024
2024-06-23:09,10,0,0.0332,0.0158,0.27,0.0024
2024-06-23:08,19,10,0.0291,0.0158,0.26,0.0027
2024-06-23:07,29,13,0.0212,0.0168,0.30,0.0026
2024-06-23:06,27,6,0.0179,0.0173,0.30,0.0023
2024-06-23:05,27,11,0.0230,0.0160,0.30,0.0025
2024-06-23:04,26,11,0.0219,0.0165,0.29,0.0026
2024-06-23:03,24,1,0.0223,0.0172,0.29,0.0026
2024-06-23:02,24,5,0.0064,0.0188,0.25,0.0025
2024-06-23:01,23,5,0.0072,0.0193,0.24,0.0025
2024-06-22:24,24,1,0.0086,0.0185,0.24,0.0026
2024-06-22:23,14,1,0.0100,0.0202,0.25,0.0026
2024-06-22:22,8,5,0.0155,0.0193,0.24,0.0022
2024-06-22:21,8,3,0.0186,0.0188,0.24,0.0027
2024-06-22:20,9,0,0.0178,0.0186,0.21,0.0023
2024-06-22:19,9,0,0.0186,0.0190,0.20,0.0024
2024-06-22:18,6,3,0.0219,0.0179,0.19,0.0027
2024-06-22:17,5,1,0.0268,0.0162,0.18,0.0024
2024-06-22:16,6,2,0.0296,0.0158,0.19,0.0023
2024-06-22:15,8,0,0.0326,0.0152,0.19,0.0025
2024-06-22:14,9,1,0.0335,0.0152,0.19,0.0024
2024-06-22:13,9,5,0.0346,0.0148,0.19,0.0024
2024-06-22:12,8,1,0.0325,0.0155,0.19,0.0023
2024-06-22:11,6,4,0.0324,0.0149,0.18,0.0022
2024-06-22:10,11,7,0.0314,0.0154,0.18,0.0024
2024-06-22:09,13,4,0.0309,0.0154,0.18,0.0024
2024-06-22:08,20,5,0.0330,0.0150,0.19,0.0023
2024-06-22:07,20,12,0.0356,0.0152,0.22,0.0026
2024-06-22:06,20,18,0.0345,0.0151,0.22,0.0028
2024-06-22:05,22,13,0.0321,0.0156,0.23,0.0030
2024-06-22:04,21,13,0.0323,0.0160,0.24,0.0033
2024-06-22:03,22,14,0.0350,0.0162,0.23,0.0035
2024-06-22:02,23,14,0.0328,0.0182,0.30,0.0040
2024-06-22:01,25,17,0.0325,0.0201,0.40,0.0052
2024-06-21:24,25,15,0.0350,0.0216,0.47,0.0059
2024-06-21:23,28,19,0.0403,0.0214,0.51,0.0061
2024-06-21:22,25,17,0.0469,0.0200,0.45,0.0056
2024-06-21:21,34,18,0.0534,0.0192,0.34,0.0053
2024-06-21:20,38,27,0.0619,0.0187,0.35,0.0047
2024-06-21:19,41,31,0.0756,0.0176,0.35,0.0042
2024-06-21:18,45,37,0.0902,0.0175,0.42,0.0045
2024-06-21:17,47,36,0.0962,0.0172,0.46,0.0055
2024-06-21:16,38,27,0.0840,0.0165,0.49,0.0058
2024-06-21:15,33,27,0.0725,0.0157,0.47,0.0055
2024-06-21:14,24,17,0.0588,0.0151,0.25,0.0034
2024-06-21:13,24,17,0.0573,0.0133,0.21,0.0036
2024-06-21:12,28,17,0.0614,0.0139,0.22,0.0038
2024-06-21:11,26,18,0.0612,0.0136,0.22,0.0041
2024-06-21:10,21,15,0.0544,0.0134,0.21,0.0039
2024-06-21:09,23,11,0.0481,0.0141,0.21,0.0036
2024-06-21:08,23,17,0.0352,0.0157,0.22,0.0033
2024-06-21:07,26,15,0.0195,0.0211,0.21,0.0031
2024-06-21:06,26,20,0.0199,0.0195,0.21,0.0028
2024-06-21:05,24,18,0.0233,0.0176,0.21,0.0030
2024-06-21:04,23,14,0.0258,0.0168,0.21,0.0030
2024-06-21:03,25,17,0.0304,0.0149,0.21,0.0030
2024-06-21:02,24,14,0.0281,0.0173,0.20,0.0028
2024-06-21:01,25,13,0.0327,0.0167,0.20,0.0029
2024-06-20:24,22,15,0.0364,0.0171,0.22,0.0032
2024-06-20:23,23,18,0.0394,0.0149,0.21,0.0033
2024-06-20:22,20,12,0.0444,0.0157,0.22,0.0035
2024-06-20:21,21,17,0.0431,0.0181,0.22,0.0034
2024-06-20:20,17,16,0.0476,0.0162,0.21,0.0037
2024-06-20:19,22,12,0.0523,0.0134,0.20,0.0035
2024-06-20:18,25,16,0.0502,0.0141,0.21,0.0039
2024-06-20:17,23,18,0.0524,0.0131,0.21,0.0038
2024-06-20:16,23,10,0.0541,0.0122,0.21,0.0045
2024-06-20:15,21,20,0.0564,0.0117,0.22,0.0049
2024-06-20:14,21,14,0.0583,0.0118,0.23,0.0052
2024-06-20:13,28,18,0.0578,0.0135,0.27,0.0048
2024-06-20:12,18,16,0.0604,0.0126,0.26,0.0042
2024-06-20:11,26,20,0.0567,0.0143,0.31,0.0045
2024-06-20:10,29,17,0.0509,0.0167,0.41,0.0061
2024-06-20:09,28,18,0.0314,0.0206,0.33,0.0032
2024-06-20:08,28,21,0.0200,0.0232,0.32,0.0028
2024-06-20:07,26,21,0.0199,0.0218,0.31,0.0027
2024-06-20:06,27,22,0.0263,0.0180,0.31,0.0028
2024-06-20:05,28,23,0.0295,0.0170,0.31,0.0025
2024-06-20:04,33,28,0.0374,0.0162,0.33,0.0028
2024-06-20:03,34,25,0.0429,0.0166,0.34,0.0033
2024-06-20:02,31,23,0.0504,0.0164,0.33,0.0036
2024-06-20:01,28,22,0.0552,0.0163,0.26,0.0039
2024-06-19:24,34,16,0.0603,0.0169,0.30,0.0049
2024-06-19:23,36,22,0.0667,0.0177,0.36,0.0059
2024-06-19:22,37,20,0.0744,0.0182,0.39,0.0060
2024-06-19:21,39,30,0.0890,0.0186,0.45,0.0062
2024-06-19:20,38,26,0.0972,0.0170,0.42,0.0057
2024-06-19:19,38,26,0.0994,0.0164,0.43,0.0045
2024-06-19:18,47,33,0.1132,0.0155,0.51,0.0055
2024-06-19:17,37,29,0.1199,0.0133,0.68,0.0067
2024-06-19:16,,,,,,
2024-06-19:15,,,,,,
2024-06-19:14,28,15,0.0951,0.0097,0.27,0.0030
2024-06-19:13,27,10,0.0938,0.0107,0.28,0.0030
2024-06-19:12,30,11,0.0798,0.0124,0.27,0.0026
2024-06-19:11,30,10,0.0673,0.0133,0.25,0.0025
2024-06-19:10,24,10,0.0550,0.0140,0.23,0.0026
2024-06-19:09,20,13,0.0492,0.0141,0.23,0.0026
2024-06-19:08,22,12,0.0350,0.0168,0.23,0.0024
2024-06-19:07,22,14,0.0270,0.0179,0.23,0.0025
2024-06-19:06,24,17,0.0282,0.0163,0.22,0.0025
2024-06-19:05,24,14,0.0293,0.0157,0.21,0.0024
2024-06-19:04,24,17,0.0339,0.0147,0.22,0.0025
2024-06-19:03,25,13,0.0362,0.0155,0.21,0.0027
2024-06-19:02,22,17,0.0457,0.0134,0.22,0.0026
2024-06-19:01,22,11,0.0448,0.0145,0.22,0.0025
2024-06-18:24,25,19,0.0534,0.0133,0.23,0.0024
2024-06-18:23,25,15,0.0595,0.0130,0.22,0.0023
2024-06-18:22,24,16,0.0660,0.0148,0.23,0.0028
2024-06-18:21,31,13,0.0796,0.0110,0.23,0.0028
2024-06-18:20,29,16,0.0842,0.0113,0.25,0.0026
2024-06-18:19,28,21,0.0859,0.0108,0.25,0.0027
2024-06-18:18,29,17,0.0872,0.0086,0.25,0.0028
2024-06-18:17,27,15,0.0888,0.0088,0.25,0.0029
2024-06-18:16,26,11,0.0907,0.0089,0.26,0.0029
2024-06-18:15,24,16,0.0898,0.0083,0.25,0.0027
2024-06-18:14,24,13,0.0906,0.0084,0.26,0.0030
2024-06-18:13,21,9,0.0884,0.0087,0.25,0.0029
2024-06-18:12,20,8,0.0802,0.0082,0.24,0.0026
2024-06-18:11,18,7,0.0729,0.0086,0.23,0.0025
2024-06-18:10,20,8,0.0645,0.0098,0.23,0.0022
2024-06-18:09,13,5,0.0591,0.0107,0.23,0.0027
2024-06-18:08,18,13,0.0507,0.0134,0.25,0.0025
2024-06-18:07,22,12,0.0346,0.0170,0.25,0.0025
2024-06-18:06,22,12,0.0221,0.0156,0.24,0.0023
2024-06-18:05,21,16,0.0199,0.0145,0.23,0.0023
2024-06-18:04,20,12,0.0128,0.0146,0.22,0.0024
2024-06-18:03,17,12,0.0156,0.0146,0.22,0.0024
2024-06-18:02,22,14,0.0165,0.0165,0.22,0.0026
2024-06-18:01,21,12,0.0146,0.0195,0.23,0.0024
2024-06-17:24,20,14,0.0216,0.0152,0.24,0.0024
2024-06-17:23,23,15,0.0219,0.0162,0.22,0.0023
2024-06-17:22,20,10,0.0264,0.0169,0.25,0.0025
2024-06-17:21,24,17,0.0294,0.0185,0.23,0.0027
2024-06-17:20,25,14,0.0421,0.0165,0.25,0.0029
2024-06-17:19,24,16,0.0458,0.0151,0.23,0.0028
2024-06-17:18,23,11,0.0459,0.0145,0.22,0.0027
2024-06-17:17,24,18,0.0471,0.0136,0.22,0.0026
2024-06-17:16,14,11,0.0501,0.0117,0.21,0.0022
2024-06-17:15,18,6,0.0514,0.0121,0.21,0.0021
2024-06-17:14,17,10,0.0524,0.0115,0.20,0.0024
2024-06-17:13,20,8,0.0523,0.0118,0.21,0.0022
2024-06-17:12,19,10,0.0469,0.0127,0.21,0.0024
2024-06-17:11,21,12,0.0421,0.0126,0.21,0.0021
2024-06-17:10,20,10,0.0384,0.0120,0.21,0.0023
2024-06-17:09,15,10,0.0316,0.0136,0.21,0.0024
2024-06-17:08,14,10,0.0275,0.0137,0.22,0.0024
2024-06-17:07,17,10,0.0242,0.0148,0.21,0.0023
2024-06-17:06,17,7,0.0238,0.0139,0.21,0.0025
2024-06-17:05,17,10,0.0295,0.0121,0.19,0.0024
2024-06-17:04,17,9,0.0274,0.0135,0.21,0.0026
2024-06-17:03,18,9,0.0349,0.0117,0.21,0.0023
2024-06-17:02,17,12,0.0356,0.0129,0.21,0.0022
2024-06-17:01,16,11,0.0409,0.0111,0.20,0.0023
2024-06-16:24,16,8,0.0442,0.0118,0.20,0.0023
2024-06-16:23,20,5,0.0482,0.0125,0.21,0.0024
2024-06-16:22,19,6,0.0566,0.0108,0.21,0.0026
2024-06-16:21,20,5,0.0618,0.0096,0.21,0.0025
2024-06-16:20,22,11,0.0609,0.0093,0.20,0.0025
2024-06-16:19,19,6,0.0617,0.0085,0.19,0.0025
2024-06-16:18,18,9,0.0611,0.0090,0.19,0.0024
2024-06-16:17,20,10,0.0604,0.0086,0.19,0.0025
2024-06-16:16,19,8,0.0608,0.0083,0.19,0.0024
2024-06-16:15,13,8,0.0605,0.0086,0.19,0.0023
2024-06-16:14,14,6,0.0590,0.0089,0.19,0.0023
2024-06-16:13,15,8,0.0607,0.0091,0.19,0.0027
2024-06-16:12,14,6,0.0630,0.0100,0.19,0.0025
2024-06-16:11,14,10,0.0645,0.0106,0.21,0.0024
2024-06-16:10,13,7,0.0657,0.0105,0.21,0.0024
2024-06-16:09,9,,0.0677,0.0107,0.21,0.0026
2024-06-16:08,17,13,0.0656,0.0107,0.20,0.0025
2024-06-16:07,16,7,0.0542,0.0115,0.21,0.0021
2024-06-16:06,14,12,0.0557,0.0113,0.19,0.0024
2024-06-16:05,17,13,0.0210,0.0149,0.18,0.0024
2024-06-16:04,20,14,0.0162,0.0152,0.17,0.0024
2024-06-16:03,17,12,0.0193,0.0139,0.18,0.0024
2024-06-16:02,21,17,0.0237,0.0145,0.19,0.0024
2024-06-16:01,22,17,0.0316,0.0142,0.20,0.0025
2024-06-15:24,22,12,0.0283,0.0137,0.19,0.0023
2024-06-15:23,25,18,0.0341,0.0127,0.18,0.0025
2024-06-15:22,25,14,0.0375,0.0127,0.17,0.0027
2024-06-15:21,27,23,0.0403,0.0129,0.17,0.0025
2024-06-15:20,35,24,0.0436,0.0132,0.18,0.0028
2024-06-15:19,33,22,0.0489,0.0138,0.19,0.0031
2024-06-15:18,32,23,0.0433,0.0148,0.19,0.0031
2024-06-15:17,34,30,0.0551,0.0139,0.22,0.0041
2024-06-15:16,29,22,0.0489,0.0124,0.20,0.0045
2024-06-15:15,30,27,0.0461,0.0120,0.19,0.0042
2024-06-15:14,30,22,0.0507,0.0122,0.20,0.0038
2024-06-15:13,29,22,0.0528,0.0126,0.21,0.0031
2024-06-15:12,21,12,0.0473,0.0116,0.19,0.0037
2024-06-15:11,27,21,0.0523,0.0127,0.20,0.0031
2024-06-15:10,32,25,0.0496,0.0137,0.22,0.0031
2024-06-15:09,35,25,0.0335,0.0148,0.24,0.0025
2024-06-15:08,36,29,0.0211,0.0157,0.27,0.0027
2024-06-15:07,38,28,0.0120,0.0180,0.30,0.0026
2024-06-15:06,37,29,0.0094,0.0179,0.30,0.0027
2024-06-15:05,36,30,0.0118,0.0184,0.30,0.0026
2024-06-15:04,38,32,0.0117,0.0195,0.32,0.0027
2024-06-15:03,38,31,0.0164,0.0196,0.34,0.0028
2024-06-15:02,36,27,0.0188,0.0188,0.35,0.0030
2024-06-15:01,37,27,0.0220,0.0199,0.37,0.0031
2024-06-14:24,37,28,0.0262,0.0193,0.37,0.0034
2024-06-14:23,32,22,0.0300,0.0215,0.37,0.0045
2024-06-14:22,36,18,0.0364,0.0197,0.34,0.0056
2024-06-14:21,38,25,0.0486,0.0211,0.45,0.0066
2024-06-14:20,39,31,0.0608,0.0203,0.43,0.0072
2024-06-14:19,49,37,0.0801,0.0188,0.49,0.0075
2024-06-14:18,50,38,0.1201,0.0166,0.69,0.0088
2024-06-14:17,37,28,0.1017,0.0129,0.45,0.0061
2024-06-14:16,34,22,0.0932,0.0113,0.37,0.0046
2024-06-14:15,32,21,0.0943,0.0110,0.43,0.0048
2024-06-14:14,31,22,0.0854,0.0115,0.40,0.0044
2024-06-14:13,33,23,0.0873,0.0135,0.45,0.0048
2024-06-14:12,38,28,0.0887,0.0145,0.51,0.0059
2024-06-14:11,39,29,0.0866,0.0170,0.70,0.0063
2024-06-14:10,33,26,0.0730,0.0146,0.45,0.0037
2024-06-14:09,31,31,0.0530,0.0156,0.39,0.0026
2024-06-14:08,39,32,0.0309,0.0173,0.42,0.0026
2024-06-14:07,41,29,0.0185,0.0178,0.43,0.0024
2024-06-14:06,43,31,0.0281,0.0164,0.44,0.0026
2024-06-14:05,43,30,0.0243,0.0172,0.44,0.0025
2024-06-14:04,43,30,0.0337,0.0166,0.46,0.0026
2024-06-14:03,47,35,0.0382,0.0162,0.48,0.0027
2024-06-14:02,47,32,0.0342,0.0196,0.49,0.0027
2024-06-14:01,45,31,0.0435,0.0184,0.49,0.0026
2024-06-13:24,47,35,0.0515,0.0187,0.51,0.0028
2024-06-13:23,47,29,0.0652,0.0185,0.49,0.0034
2024-06-13:22,44,36,0.0858,0.0167,0.41,0.0039
2024-06-13:21,48,28,0.0940,0.0153,0.37,0.0039
2024-06-13:20,46,25,0.1006,0.0169,0.44,0.0050
2024-06-13:19,47,33,0.0991,0.0157,0.32,0.0039
2024-06-13:18,35,24,0.0936,0.0118,0.28,0.0028
2024-06-13:17,23,13,0.0817,0.0096,0.23,0.0024
2024-06-13:16,24,11,0.0814,0.0091,0.22,0.0027
2024-06-13:15,26,14,0.0829,0.0091,0.23,0.0025
2024-06-13:14,21,10,0.0829,0.0095,0.23,0.0026
2024-06-13:13,22,11,0.0836,0.0104,0.22,0.0026
2024-06-13:12,21,11,0.0794,0.0122,0.23,0.0026
2024-06-13:11,27,13,0.0659,0.0135,0.25,0.0027
2024-06-13:10,30,14,0.0471,0.0143,0.24,0.0027
2024-06-13:09,27,17,0.0335,0.0152,0.25,0.0025
2024-06-13:08,28,14,0.0235,0.0155,0.23,0.0026
2024-06-13:07,34,15,0.0141,0.0165,0.24,0.0025
2024-06-13:06,37,15,0.0182,0.0149,0.23,0.0024
2024-06-13:05,37,17,0.0182,0.0146,0.23,0.0024
2024-06-13:04,36,23,0.0193,0.0147,0.23,0.0021
2024-06-13:03,38,22,0.0192,0.0150,0.25,0.0025
2024-06-13:02,37,18,0.0220,0.0153,0.26,0.0025
2024-06-13:01,34,21,0.0268,0.0155,0.26,0.0020
2024-06-12:24,31,16,0.0319,0.0150,0.26,0.0023
2024-06-12:23,33,18,0.0396,0.0146,0.25,0.0024
2024-06-12:22,37,19,0.0459,0.0152,0.26,0.0025
2024-06-12:21,45,30,0.0610,0.0155,0.28,0.0025
2024-06-12:20,38,21,0.0722,0.0195,0.36,0.0063
2024-06-12:19,41,27,0.0806,0.0180,0.37,0.0053
2024-06-12:18,46,28,0.0937,0.0171,0.46,0.0061
2024-06-12:17,42,29,0.0944,0.0143,0.39,0.0037
2024-06-12:16,43,28,0.0801,0.0131,0.33,0.0027
2024-06-12:15,42,24,0.0788,0.0123,0.29,0.0024
2024-06-12:14,38,19,0.0826,0.0113,0.27,0.0024
2024-06-12:13,34,16,0.0820,0.0122,0.26,0.0023
2024-06-12:12,32,17,0.0814,0.0116,0.27,0.0025
2024-06-12:11,32,17,0.0699,0.0123,0.25,0.0026
2024-06-12:10,39,24,0.0616,0.0137,0.29,0.0026
2024-06-12:09,35,27,0.0478,0.0149,0.30,0.0026
2024-06-12:08,34,24,0.0306,0.0155,0.30,0.0024
2024-06-12:07,38,28,0.0163,0.0185,0.31,0.0026
2024-06-12:06,39,29,0.0150,0.0182,0.32,0.0022
2024-06-12:05,39,31,0.0168,0.0174,0.33,0.0025
2024-06-12:04,40,29,0.0150,0.0186,0.35,0.0024
2024-06-12:03,40,25,0.0203,0.0181,0.35,0.0026
2024-06-12:02,37,28,0.0253,0.0179,0.34,0.0024
2024-06-12:01,41,28,0.0269,0.0218,0.36,0.0028
2024-06-11:24,42,25,0.0379,0.0197,0.36,0.0029
2024-06-11:23,41,23,0.0518,0.0183,0.36,0.0032
2024-06-11:22,43,26,0.0567,0.0194,0.38,0.0036
2024-06-11:21,50,22,0.0625,0.0204,0.42,0.0041
2024-06-11:20,45,22,0.0704,0.0209,0.47,0.0045
2024-06-11:19,54,25,0.0827,0.0192,0.42,0.0037
2024-06-11:18,57,31,0.0924,0.0176,0.44,0.0039
2024-06-11:17,61,36,0.1035,0.0162,0.52,0.0038
2024-06-11:16,37,18,0.0890,0.0111,0.34,0.0025
2024-06-11:15,35,19,0.0886,0.0100,0.28,0.0027
2024-06-11:14,42,19,0.0907,0.0109,0.30,0.0026
2024-06-11:13,43,23,0.0935,0.0111,0.33,0.0025
2024-06-11:12,49,22,0.0981,0.0115,0.34,0.0024
2024-06-11:11,43,19,0.1031,0.0113,0.35,0.0026
2024-06-11:10,38,21,0.0866,0.0137,0.34,0.0024
2024-06-11:09,30,24,0.0782,0.0131,0.32,0.0025
2024-06-11:08,38,23,0.0610,0.0165,0.35,0.0026
2024-06-11:07,39,31,0.0412,0.0200,0.38,0.0026
2024-06-11:06,42,27,0.0316,0.0188,0.36,0.0023
2024-06-11:05,42,31,0.0403,0.0152,0.36,0.0023
2024-06-11:04,41,31,0.0463,0.0145,0.35,0.0023
2024-06-11:03,38,29,0.0474,0.0141,0.33,0.0023
2024-06-11:02,37,27,0.0479,0.0143,0.32,0.0024
2024-06-11:01,36,19,0.0491,0.0143,0.30,0.0024
2024-06-10:24,35,23,0.0365,0.0199,0.30,0.0025
2024-06-10:23,36,22,0.0440,0.0172,0.29,0.0025
2024-06-10:22,36,27,0.0421,0.0186,0.31,0.0026
2024-06-10:21,41,27,0.0494,0.0173,0.31,0.0026
2024-06-10:20,49,31,0.0645,0.0190,0.36,0.0032
2024-06-10:19,43,22,0.0833,0.0146,0.41,0.0031
2024-06-10:18,40,18,0.0746,0.0102,0.24,0.0025
2024-06-10:17,31,12,0.0684,0.0098,0.22,0.0025
2024-06-10:16,,,,,,
2024-06-10:15,,,,,,
2024-06-10:14,29,10,0.0721,0.0097,0.23,0.0023
2024-06-10:13,28,8,0.0728,0.0104,0.23,0.0025
2024-06-10:12,22,9,0.0642,0.0115,0.23,0.0026
2024-06-10:11,20,13,0.0481,0.0119,0.22,0.0025
2024-06-10:10,21,5,0.0392,0.0119,0.20,0.0023
2024-06-10:09,17,13,0.0265,0.0129,0.22,0.0023
2024-06-10:08,17,10,0.0132,0.0140,0.22,0.0024
2024-06-10:07,19,7,0.0091,0.0145,0.22,0.0021
2024-06-10:06,20,10,0.0077,0.0160,0.22,0.0022
2024-06-10:05,17,11,0.0081,0.0152,0.21,0.0023
2024-06-10:04,19,12,0.0069,0.0155,0.22,0.0023
2024-06-10:03,20,10,0.0055,0.0176,0.22,0.0024
2024-06-10:02,20,10,0.0101,0.0154,0.22,0.0024
2024-06-10:01,20,10,0.0113,0.0158,0.22,0.0023
2024-06-09:24,21,11,0.0173,0.0155,0.20,0.0023
2024-06-09:23,23,11,0.0189,0.0163,0.22,0.0022
2024-06-09:22,21,8,0.0242,0.0159,0.22,0.0022
2024-06-09:21,21,6,0.0249,0.0165,0.22,0.0024
2024-06-09:20,22,8,0.0341,0.0155,0.22,0.0020
2024-06-09:19,19,11,0.0464,0.0132,0.22,0.0022
2024-06-09:18,18,9,0.0576,0.0110,0.21,0.0022
2024-06-09:17,15,6,0.0575,0.0113,0.21,0.0021
2024-06-09:16,17,9,0.0492,0.0116,0.20,0.0022
2024-06-09:15,15,7,0.0491,0.0110,0.20,0.0022
2024-06-09:14,12,,0.0496,0.0115,0.19,0.0020
2024-06-09:13,10,1,0.0433,0.0117,0.19,0.0023
2024-06-09:12,9,3,0.0390,0.0119,0.18,0.0021
2024-06-09:11,4,2,0.0366,0.0118,0.18,0.0022
2024-06-09:10,3,0,0.0309,0.0120,0.18,0.0023
2024-06-09:09,7,0,0.0222,0.0132,0.20,0.0022
2024-06-09:08,8,2,0.0206,0.0141,0.18,0.0021
2024-06-09:07,8,0,0.0206,0.0135,0.18,0.0024
2024-06-09:06,8,1,0.0231,0.0134,0.17,0.0021
2024-06-09:05,11,4,0.0227,0.0135,0.18,0.0021
2024-06-09:04,11,4,0.0222,0.0130,0.18,0.0021
2024-06-09:03,9,2,0.0216,0.0140,0.18,0.0024
2024-06-09:02,8,4,0.0233,0.0143,0.17,0.0024
2024-06-09:01,5,1,0.0292,0.0129,0.18,0.0023
2024-06-08:24,9,2,0.0309,0.0129,0.18,0.0022
2024-06-08:23,5,1,0.0339,0.0125,0.17,0.0024
2024-06-08:22,6,1,0.0305,0.0137,0.18,0.0022
2024-06-08:21,6,2,0.0318,0.0138,0.18,0.0023
2024-06-08:20,7,2,0.0359,0.0128,0.18,0.0021
2024-06-08:19,4,0,0.0358,0.0135,0.18,0.0021
2024-06-08:18,5,1,0.0391,0.0128,0.18,0.0023
2024-06-08:17,6,3,0.0396,0.0124,0.17,0.0021
2024-06-08:16,6,0,0.0382,0.0124,0.17,0.0025
2024-06-08:15,11,4,0.0366,0.0130,0.18,0.0022
2024-06-08:14,12,8,0.0348,0.0138,0.18,0.0024
2024-06-08:13,15,8,0.0334,0.0134,0.20,0.0024
2024-06-08:12,17,13,0.0352,0.0127,0.20,0.0025
2024-06-08:11,21,11,0.0372,0.0129,0.19,0.0024
2024-06-08:10,20,15,0.0380,0.0133,0.18,0.0025
2024-06-08:09,23,13,0.0456,0.0114,0.18,0.0027
2024-06-08:08,18,14,0.0471,0.0113,0.20,0.0035
2024-06-08:07,21,10,0.0473,0.0111,0.21,0.0032
2024-06-08:06,20,14,0.0478,0.0109,0.23,0.0031
2024-06-08:05,25,15,0.0487,0.0105,0.22,0.0033
2024-06-08:04,26,23,0.0488,0.0102,0.19,0.0034
2024-06-08:03,28,19,0.0461,0.0105,0.19,0.0042
2024-06-08:02,25,16,0.0444,0.0117,0.31,0.0046
2024-06-08:01,24,15,0.0498,0.0109,0.27,0.0042
2024-06-07:24,34,28,0.0443,0.0119,0.25,0.0053
2024-06-07:23,38,24,0.0451,0.0112,0.20,0.0046
2024-06-07:22,35,26,0.0474,0.0108,0.21,0.0042
2024-06-07:21,33,27,0.0514,0.0112,0.21,0.0044
2024-06-07:20,31,24,0.0565,0.0104,0.22,0.0041
2024-06-07:19,36,24,0.0636,0.0099,0.25,0.0044
2024-06-07:18,32,31,0.0676,0.0097,0.26,0.0048
2024-06-07:17,35,22,0.0670,0.0101,0.34,0.0048
2024-06-07:16,34,20,0.0611,0.0102,0.33,0.0045
2024-06-07:15,26,19,0.0586,0.0092,0.23,0.0050
2024-06-07:14,23,17,0.0576,0.0091,0.21,0.0035
2024-06-07:13,23,14,0.0615,0.0094,0.21,0.0030
2024-06-07:12,22,14,0.0612,0.0097,0.22,0.0028
2024-06-07:11,21,11,0.0582,0.0105,0.24,0.0028
2024-06-07:10,14,7,0.0508,0.0102,0.23,0.0026
2024-06-07:09,13,10,0.0364,0.0112,0.21,0.0025
2024-06-07:08,16,10,0.0235,0.0126,0.20,0.0027
2024-06-07:07,19,13,0.0140,0.0146,0.22,0.0023
2024-06-07:06,20,13,0.0179,0.0132,0.21,0.0025
2024-06-07:05,21,13,0.0150,0.0136,0.21,0.0022
2024-06-07:04,19,12,0.0156,0.0140,0.22,0.0024
2024-06-07:03,18,12,0.0247,0.0125,0.21,0.0023
2024-06-07:02,20,12,0.0266,0.0130,0.22,0.0022
2024-06-07:01,21,12,0.0296,0.0121,0.21,0.0024
2024-06-06:24,20,12,0.0350,0.0122,0.23,0.0024
2024-06-06:23,20,13,0.0388,0.0130,0.23,0.0027
2024-06-06:22,22,17,0.0441,0.0130,0.27,0.0029
2024-06-06:21,23,16,0.0483,0.0132,0.31,0.0031
2024-06-06:20,28,,0.0515,0.0122,0.30,0.0029
2024-06-06:19,95,85,0.0483,0.0142,0.31,0.0029
2024-06-06:18,59,52,0.0504,0.0140,0.53,0.0033
2024-06-06:17,24,11,0.0565,0.0113,0.20,0.0031
2024-06-06:16,20,11,0.0601,0.0104,0.20,0.0030
2024-06-06:15,19,6,0.0583,0.0105,0.19,0.0029
2024-06-06:14,19,5,0.0580,0.0100,0.20,0.0028
2024-06-06:13,18,12,0.0576,0.0097,0.20,0.0030
2024-06-06:12,14,9,0.0557,0.0092,0.20,0.0027
2024-06-06:11,12,4,0.0531,0.0094,0.19,0.0028
2024-06-06:10,15,6,0.0405,0.0110,0.21,0.0022
2024-06-06:09,18,9,0.0309,0.0131,0.20,0.0024
2024-06-06:08,17,8,0.0260,0.0145,0.20,0.0024
2024-06-06:07,16,11,0.0210,0.0160,0.19,0.0023
2024-06-06:06,16,11,0.0240,0.0136,0.20,0.0023
2024-06-06:05,16,9,0.0268,0.0131,0.19,0.0024
2024-06-06:04,16,12,0.0300,0.0126,0.20,0.0024
2024-06-06:03,20,14,0.0355,0.0120,0.19,0.0024
2024-06-06:02,19,13,0.0361,0.0148,0.20,0.0025
2024-06-06:01,22,13,0.0437,0.0143,0.22,0.0025
2024-06-05:24,23,13,0.0470,0.0148,0.24,0.0026
2024-06-05:23,25,18,0.0588,0.0146,0.22,0.0026
2024-06-05:22,26,20,0.0688,0.0144,0.22,0.0028
2024-06-05:21,25,15,0.0764,0.0133,0.22,0.0029
2024-06-05:20,26,20,0.0784,0.0131,0.23,0.0027
2024-06-05:19,27,15,0.0747,0.0133,0.23,0.0027
2024-06-05:18,19,13,0.0681,0.0111,0.22,0.0027
2024-06-05:17,17,8,0.0609,0.0086,0.19,0.0024
2024-06-05:16,19,10,0.0575,0.0080,0.19,0.0025
2024-06-05:15,17,9,0.0559,0.0082,0.19,0.0023
2024-06-05:14,16,9,0.0558,0.0085,0.19,0.0022
2024-06-05:13,17,9,0.0560,0.0088,0.19,0.0024
2024-06-05:12,15,9,0.0496,0.0083,0.18,0.0021
2024-06-05:11,16,11,0.0500,0.0100,0.20,0.0023
2024-06-05:10,20,15,0.0484,0.0107,0.21,0.0026
2024-06-05:09,14,13,0.0387,0.0106,0.21,0.0026
2024-06-05:08,16,11,0.0266,0.0118,0.21,0.0023
2024-06-05:07,17,11,0.0137,0.0144,0.21,0.0020
2024-06-05:06,19,12,0.0123,0.0152,0.22,0.0024
2024-06-05:05,19,13,0.0139,0.0140,0.22,0.0024
2024-06-05:04,19,12,0.0174,0.0135,0.22,0.0023
2024-06-05:03,19,15,0.0223,0.0131,0.23,0.0022
2024-06-05:02,19,12,0.0256,0.0130,0.24,0.0025
2024-06-05:01,19,10,0.0297,0.0131,0.24,0.0025
2024-06-04:24,22,17,0.0341,0.0136,0.26,0.0025
2024-06-04:23,21,16,0.0368,0.0134,0.25,0.0025
2024-06-04:22,21,10,0.0496,0.0131,0.26,0.0026
2024-06-04:21,21,14,0.0574,0.0119,0.22,0.0026
2024-06-04:20,27,13,0.0607,0.0113,0.21,0.0027
2024-06-04:19,19,9,0.0613,0.0099,0.21,0.0024
2024-06-04:18,19,10,0.0612,0.0087,0.18,0.0020
2024-06-04:17,15,14,0.0590,0.0078,0.18,0.0023
2024-06-04:16,15,7,0.0566,0.0072,0.18,0.0022
2024-06-04:15,15,8,0.0539,0.0071,0.18,0.0022
2024-06-04:14,16,9,0.0498,0.0076,0.18,0.0024
2024-06-04:13,13,8,0.0464,0.0078,0.18,0.0023
2024-06-04:12,16,7,0.0443,0.0078,0.19,0.0022
2024-06-04:11,14,6,0.0445,0.0085,0.18,0.0020
2024-06-04:10,17,14,0.0447,0.0096,0.20,0.0022
2024-06-04:09,18,13,0.0375,0.0115,0.20,0.0025
2024-06-04:08,21,8,0.0235,0.0143,0.20,0.0023
2024-06-04:07,22,16,0.0166,0.0146,0.21,0.0022
2024-06-04:06,20,14,0.0180,0.0136,0.20,0.0023
2024-06-04:05,22,14,0.0237,0.0129,0.20,0.0022
2024-06-04:04,20,10,0.0280,0.0126,0.20,0.0021
2024-06-04:03,18,13,0.0316,0.0135,0.20,0.0024
2024-06-04:02,20,12,0.0344,0.0121,0.20,0.0023
2024-06-04:01,18,9,0.0336,0.0130,0.20,0.0023
2024-06-03:24,18,8,0.0430,0.0112,0.19,0.0024
2024-06-03:23,20,11,0.0457,0.0111,0.19,0.0024
2024-06-03:22,21,14,0.0477,0.0112,0.20,0.0026
2024-06-03:21,22,12,0.0527,0.0112,0.20,0.0023
2024-06-03:20,25,17,0.0558,0.0116,0.20,0.0026
2024-06-03:19,26,13,0.0575,0.0115,0.21,0.0022
2024-06-03:18,25,18,0.0568,0.0114,0.23,0.0026
2024-06-03:17,31,18,0.0515,0.0119,0.22,0.0022
2024-06-03:16,28,13,0.0556,0.0100,0.21,0.0023
2024-06-03:15,25,17,0.0564,0.0093,0.21,0.0023
2024-06-03:14,21,13,0.0584,0.0074,0.21,0.0021
2024-06-03:13,,,,,,
2024-06-03:12,20,16,0.0587,0.0083,0.21,0.0024
2024-06-03:11,17,15,0.0537,0.0090,0.22,0.0026
2024-06-03:10,18,9,0.0492,0.0099,0.22,0.0025
2024-06-03:09,15,12,0.0392,0.0115,0.23,0.0021
2024-06-03:08,19,13,0.0288,0.0118,0.24,0.0022
2024-06-03:07,21,13,0.0172,0.0131,0.23,0.0024
2024-06-03:06,21,14,0.0188,0.0127,0.24,0.0022
2024-06-03:05,23,15,0.0243,0.0118,0.23,0.0023
2024-06-03:04,20,15,0.0278,0.0121,0.23,0.0024
2024-06-03:03,22,14,0.0329,0.0120,0.23,0.0023
2024-06-03:02,20,12,0.0371,0.0109,0.23,0.0024
2024-06-03:01,22,17,0.0397,0.0119,0.24,0.0023
2024-06-02:24,25,13,0.0472,0.0119,0.24,0.0026
2024-06-02:23,23,12,0.0588,0.0106,0.25,0.0026
2024-06-02:22,24,11,0.0626,0.0107,0.27,0.0029
2024-06-02:21,22,9,0.0604,0.0094,0.25,0.0025
2024-06-02:20,21,16,0.0577,0.0082,0.22,0.0024
2024-06-02:19,21,9,0.0575,0.0078,0.22,0.0023
2024-06-02:18,16,11,0.0588,0.0071,0.20,0.0023
2024-06-02:17,19,11,0.0575,0.0066,0.20,0.0024
2024-06-02:16,16,7,0.0565,0.0062,0.20,0.0021
2024-06-02:15,14,6,0.0560,0.0060,0.19,0.0022
2024-06-02:14,14,12,0.0556,0.0060,0.19,0.0024
2024-06-02:13,14,7,0.0547,0.0061,0.18,0.0024
2024-06-02:12,13,6,0.0560,0.0067,0.20,0.0023
2024-06-02:11,12,9,0.0584,0.0071,0.21,0.0025
2024-06-02:10,14,2,0.0511,0.0078,0.22,0.0026
2024-06-02:09,9,8,0.0450,0.0077,0.22,0.0026
2024-06-02:08,12,7,0.0412,0.0084,0.23,0.0025
2024-06-02:07,19,14,0.0378,0.0096,0.25,0.0024
2024-06-02:06,19,10,0.0397,0.0088,0.23,0.0023
2024-06-02:05,18,11,0.0414,0.0084,0.23,0.0024
2024-06-02:04,18,8,0.0461,0.0080,0.23,0.0022
2024-06-02:03,18,13,0.0515,0.0076,0.22,0.0025
2024-06-02:02,19,9,0.0548,0.0073,0.22,0.0024
2024-06-02:01,17,9,0.0556,0.0071,0.22,0.0025
2024-06-01:24,17,6,0.0530,0.0075,0.21,0.0025
2024-06-01:23,20,11,0.0509,0.0081,0.22,0.0025
2024-06-01:22,19,7,0.0509,0.0083,0.21,0.0027
2024-06-01:21,25,17,0.0511,0.0087,0.21,0.0023
2024-06-01:20,27,18,0.0522,0.0095,0.23,0.0022
2024-06-01:19,22,10,0.0531,0.0115,0.23,0.0023
2024-06-01:18,19,12,0.0577,0.0094,0.23,0.0024
2024-06-01:17,19,9,0.0597,0.0089,0.23,0.0021
2024-06-01:16,21,8,0.0602,0.0085,0.24,0.0019
2024-06-01:15,15,5,0.0578,0.0091,0.23,0.0022
2024-06-01:14,14,12,0.0552,0.0092,0.23,0.0020
2024-06-01:13,18,6,0.0528,0.0094,0.22,0.0023
2024-06-01:12,13,7,0.0526,0.0082,0.22,0.0023
2024-06-01:11,14,9,0.0528,0.0087,0.21,0.0022
2024-06-01:10,11,5,0.0539,0.0094,0.22,0.0022
2024-06-01:09,13,2,0.0584,0.0081,0.22,0.0023
2024-06-01:08,8,4,0.0477,0.0097,0.19,0.0023
2024-06-01:07,9,2,0.0422,0.0092,0.19,0.0024
2024-06-01:06,11,5,0.0382,0.0099,0.17,0.0022
2024-06-01:05,9,4,0.0432,0.0087,0.17,0.0023
2024-06-01:04,11,5,0.0501,0.0072,0.17,0.0019
2024-06-01:03,8,5,0.0521,0.0069,0.18,0.0025
2024-06-01:02,11,3,0.0557,0.0069,0.18,0.0025
2024-06-01:01,14,5,0.0556,0.0070,0.19,0.0024
2024-05-31:24,17,5,0.0566,0.0072,0.19,0.0021
2024-05-31:23,21,9,0.0590,0.0075,0.18,0.0025
2024-05-31:22,21,7,0.0609,0.0086,0.19,0.0024
2024-05-31:21,19,5,0.0645,0.0090,0.20,0.0025
2024-05-31:20,20,11,0.0619,0.0117,0.19,0.0024
2024-05-31:19,14,9,0.0553,0.0190,0.20,0.0025
2024-05-31:18,17,11,0.0629,0.0111,0.18,0.0024
2024-05-31:17,15,7,0.0646,0.0084,0.19,0.0026
2024-05-31:16,15,8,0.0628,0.0083,0.18,0.0025
2024-05-31:15,15,8,0.0632,0.0078,0.19,0.0026
2024-05-31:14,15,10,0.0644,0.0079,0.19,0.0027
2024-05-31:13,14,10,0.0639,0.0081,0.19,0.0024
2024-05-31:12,14,8,0.0635,0.0080,0.19,0.0026
2024-05-31:11,10,9,0.0626,0.0080,0.18,0.0023
2024-05-31:10,12,4,0.0615,0.0083,0.18,0.0024
2024-05-31:09,16,11,0.0530,0.0101,0.19,0.0027
2024-05-31:08,24,15,0.0413,0.0127,0.23,0.0030
2024-05-31:07,26,13,0.0208,0.0159,0.35,0.0027
2024-05-31:06,26,17,0.0190,0.0159,0.39,0.0026
2024-05-31:05,27,16,0.0200,0.0153,0.39,0.0023
2024-05-31:04,23,16,0.0223,0.0155,0.40,0.0026
2024-05-31:03,25,16,0.0247,0.0159,0.41,0.0026
2024-05-31:02,23,17,0.0290,0.0151,0.40,0.0027
2024-05-31:01,22,13,0.0295,0.0152,0.36,0.0028
2024-05-30:24,25,14,0.0336,0.0145,0.31,0.0027
2024-05-30:23,23,12,0.0393,0.0139,0.27,0.0029
2024-05-30:22,21,12,0.0399,0.0136,0.26,0.0028
2024-05-30:21,22,12,0.0442,0.0133,0.25,0.0027
2024-05-30:20,23,16,0.0491,0.0130,0.27,0.0029
2024-05-30:19,22,16,0.0534,0.0132,0.28,0.0029
2024-05-30:18,20,14,0.0567,0.0127,0.27,0.0031
2024-05-30:17,30,14,0.0610,0.0120,0.27,0.0028
2024-05-30:16,25,13,0.0622,0.0106,0.26,0.0028
2024-05-30:15,23,17,0.0618,0.0117,0.27,0.0029
2024-05-30:14,25,16,0.0614,0.0122,0.28,0.0032
2024-05-30:13,24,13,0.0594,0.0124,0.28,0.0031
2024-05-30:12,23,12,0.0517,0.0124,0.27,0.0028
2024-05-30:11,22,14,0.0408,0.0123,0.26,0.0027
2024-05-30:10,23,16,0.0288,0.0142,0.27,0.0025
2024-05-30:09,25,14,0.0180,0.0182,0.29,0.0026
2024-05-30:08,23,15,0.0165,0.0175,0.30,0.0022
2024-05-30:07,27,21,0.0137,0.0170,0.34,0.0023
2024-05-30:06,27,19,0.0158,0.0147,0.38,0.0024
2024-05-30:05,27,22,0.0218,0.0146,0.41,0.0025
2024-05-30:04,31,22,0.0249,0.0140,0.45,0.0025
2024-05-30:03,30,20,0.0274,0.0154,0.48,0.0023
2024-05-30:02,33,22,0.0294,0.0166,0.45,0.0026
2024-05-30:01,32,21,0.0365,0.0159,0.47,0.0026
2024-05-29:24,33,23,0.0485,0.0154,0.51,0.0033
2024-05-29:23,33,20,0.0567,0.0168,0.50,0.0034
2024-05-29:22,34,18,0.0629,0.0161,0.43,0.0044
2024-05-29:21,34,25,0.0784,0.0178,0.53,0.0064
2024-05-29:20,37,25,0.0944,0.0167,0.71,0.0084
2024-05-29:19,26,16,0.0810,0.0129,0.55,0.0057
2024-05-29:18,19,16,0.0658,0.0091,0.34,0.0035
2024-05-29:17,,8,,,,
2024-05-29:16,,,,,,
2024-05-29:15,13,7,0.0547,0.0058,0.24,0.0023
2024-05-29:14,12,4,0.0525,0.0059,0.24,0.0023
2024-05-29:13,8,3,0.0499,0.0057,0.24,0.0024
2024-05-29:12,6,4,0.0495,0.0060,0.24,0.0023
2024-05-29:11,9,8,0.0445,0.0073,0.26,0.0022
2024-05-29:10,9,0,0.0359,0.0080,0.25,0.0024
2024-05-29:09,6,2,0.0254,0.0093,0.25,0.0021
2024-05-29:08,9,3,0.0157,0.0097,0.25,0.0024
2024-05-29:07,13,5,0.0086,0.0110,0.25,0.0023
2024-05-29:06,13,4,0.0053,0.0128,0.25,0.0021
2024-05-29:05,11,5,0.0092,0.0116,0.25,0.0024
2024-05-29:04,13,5,0.0108,0.0110,0.25,0.0023
2024-05-29:03,12,4,0.0145,0.0107,0.25,0.0023
2024-05-29:02,12,4,0.0157,0.0115,0.25,0.0022
2024-05-29:01,12,6,0.0156,0.0140,0.25,0.0023
2024-05-28:24,16,7,0.0177,0.0148,0.26,0.0024
2024-05-28:23,15,5,0.0215,0.0147,0.26,0.0024
2024-05-28:22,13,4,0.0316,0.0093,0.26,0.0022
2024-05-28:21,16,10,0.0333,0.0100,0.30,0.0022
2024-05-28:20,12,7,0.0414,0.0082,0.26,0.0022
2024-05-28:19,13,3,0.0474,0.0071,0.26,0.0022
2024-05-28:18,14,5,0.0498,0.0077,0.27,0.0022
2024-05-28:17,16,9,0.0542,0.0075,0.27,0.0021
2024-05-28:16,16,10,0.0571,0.0072,0.27,0.0023
2024-05-28:15,15,7,0.0568,0.0071,0.27,0.0025
2024-05-28:14,16,7,0.0556,0.0074,0.27,0.0022
2024-05-28:13,17,10,0.0556,0.0070,0.27,0.0022
2024-05-28:12,19,12,0.0550,0.0071,0.27,0.0026
2024-05-28:11,12,10,0.0546,0.0071,0.27,0.0023
2024-05-28:10,13,3,0.0477,0.0083,0.28,0.0024
2024-05-28:09,10,5,0.0357,0.0094,0.28,0.0023
2024-05-28:08,13,6,0.0287,0.0101,0.27,0.0025
2024-05-28:07,14,7,0.0220,0.0127,0.27,0.0022
2024-05-28:06,14,11,0.0237,0.0119,0.26,0.0022
2024-05-28:05,16,8,0.0281,0.0103,0.26,0.0023
2024-05-28:04,18,9,0.0327,0.0091,0.26,0.0024
2024-05-28:03,17,10,0.0378,0.0089,0.26,0.0024
2024-05-28:02,17,11,0.0407,0.0085,0.27,0.0024
2024-05-28:01,17,8,0.0447,0.0082,0.27,0.0024
2024-05-27:24,15,7,0.0507,0.0078,0.28,0.0024
2024-05-27:23,15,6,0.0538,0.0071,0.26,0.0026
2024-05-27:22,14,6,0.0563,0.0066,0.26,0.0024
2024-05-27:21,17,4,0.0570,0.0065,0.25,0.0023
2024-05-27:20,15,4,0.0579,0.0064,0.26,0.0025
2024-05-27:19,18,3,0.0590,0.0065,0.25,0.0023
2024-05-27:18,18,4,0.0600,0.0063,0.25,0.0023
2024-05-27:17,25,10,0.0590,0.0067,0.24,0.0024
2024-05-27:16,26,6,0.0596,0.0070,0.25,0.0023
2024-05-27:15,20,9,0.0604,0.0072,0.27,0.0026
2024-05-27:14,22,8,0.0561,0.0071,0.27,0.0023
2024-05-27:13,14,3,0.0536,0.0069,0.27,0.0023
2024-05-27:12,12,7,0.0532,0.0068,0.26,0.0026
2024-05-27:11,15,6,0.0523,0.0068,0.27,0.0022
2024-05-27:10,18,5,0.0523,0.0067,0.28,0.0022
2024-05-27:09,17,2,0.0531,0.0068,0.28,0.0022
2024-05-27:08,15,2,0.0516,0.0075,0.31,0.0022
2024-05-27:07,14,8,0.0497,0.0085,0.32,0.0024
2024-05-27:06,18,5,0.0522,0.0084,0.31,0.0024
2024-05-27:05,13,8,0.0547,0.0091,0.32,0.0021
2024-05-27:04,10,1,0.0567,0.0098,0.29,0.0024
2024-05-27:03,10,4,0.0494,0.0103,0.27,0.0023
2024-05-27:02,18,4,0.0212,0.0132,0.37,0.0021
2024-05-27:01,12,6,0.0118,0.0155,0.46,0.0022
2024-05-26:24,12,6,0.0179,0.0142,0.39,0.0025
2024-05-26:23,9,5,0.0208,0.0135,0.35,0.0023
2024-05-26:22,11,5,0.0206,0.0145,0.43,0.0026
2024-05-26:21,16,10,0.0217,0.0153,0.60,0.0027
2024-05-26:20,19,11,0.0254,0.0167,0.75,0.0031
2024-05-26:19,23,15,0.0347,0.0137,0.41,0.0027
2024-05-26:18,38,31,0.0403,0.0128,0.39,0.0025
2024-05-26:17,38,24,0.0454,0.0127,0.47,0.0035
2024-05-26:16,41,23,0.0477,0.0133,0.65,0.0047
2024-05-26:15,34,23,0.0518,0.0106,0.40,0.0033
2024-05-26:14,32,16,0.0616,0.0114,0.59,0.0052
2024-05-26:13,30,18,0.0590,0.0100,0.42,0.0043
2024-05-26:12,26,8,0.0565,0.0085,0.29,0.0034
2024-05-26:11,19,5,0.0526,0.0081,0.26,0.0031
2024-05-26:10,11,7,0.0493,0.0082,0.26,0.0030
2024-05-26:09,13,8,0.0402,0.0091,0.26,0.0030
2024-05-26:08,17,10,0.0250,0.0107,0.27,0.0026
2024-05-26:07,17,9,0.0187,0.0103,0.26,0.0023
2024-05-26:06,18,12,0.0224,0.0097,0.26,0.0024
2024-05-26:05,19,12,0.0232,0.0097,0.25,0.0023
2024-05-26:04,19,10,0.0255,0.0105,0.25,0.0024
2024-05-26:03,21,8,0.0268,0.0111,0.26,0.0024
2024-05-26:02,21,11,0.0313,0.0108,0.26,0.0025
2024-05-26:01,19,9,0.0372,0.0109,0.26,0.0027
2024-05-25:24,20,12,0.0421,0.0100,0.26,0.0027
2024-05-25:23,22,11,0.0446,0.0105,0.26,0.0023
2024-05-25:22,22,13,0.0531,0.0098,0.26,0.0024
2024-05-25:21,26,13,0.0548,0.0100,0.26,0.0024
2024-05-25:20,26,11,0.0574,0.0104,0.28,0.0027
2024-05-25:19,28,11,0.0637,0.0092,0.28,0.0028
2024-05-25:18,29,18,0.0650,0.0127,0.28,0.0027
2024-05-25:17,23,8,0.0653,0.0088,0.28,0.0027
2024-05-25:16,20,9,0.0592,0.0084,0.28,0.0025
2024-05-25:15,24,9,0.0553,0.0080,0.27,0.0028
2024-05-25:14,18,12,0.0542,0.0074,0.27,0.0028
2024-05-25:13,16,6,0.0515,0.0075,0.28,0.0027
2024-05-25:12,21,9,0.0515,0.0069,0.27,0.0024
2024-05-25:11,17,9,0.0492,0.0069,0.27,0.0026
2024-05-25:10,17,8,0.0463,0.0077,0.27,0.0026
2024-05-25:09,22,4,0.0418,0.0095,0.29,0.0029
2024-05-25:08,21,11,0.0403,0.0100,0.31,0.0027
2024-05-25:07,25,13,0.0405,0.0100,0.29,0.0026
2024-05-25:06,26,15,0.0415,0.0103,0.27,0.0027
2024-05-25:05,28,14,0.0431,0.0110,0.28,0.0029
2024-05-25:04,28,14,0.0447,0.0113,0.28,0.0026
2024-05-25:03,28,16,0.0471,0.0111,0.28,0.0031
2024-05-25:02,28,16,0.0510,0.0108,0.29,0.0028
2024-05-25:01,31,14,0.0540,0.0107,0.29,0.0032
2024-05-24:24,31,13,0.0575,0.0105,0.30,0.0030
2024-05-24:23,34,15,0.0611,0.0106,0.30,0.0029
2024-05-24:22,36,16,0.0630,0.0114,0.34,0.0036
2024-05-24:21,38,22,0.0671,0.0125,0.40,0.0047
2024-05-24:20,40,19,0.0746,0.0122,0.42,0.0043
2024-05-24:19,43,20,0.0797,0.0124,0.37,0.0041
2024-05-24:18,49,26,0.0885,0.0122,0.40,0.0047
2024-05-24:17,52,28,0.0974,0.0117,0.61,0.0070
2024-05-24:16,47,23,0.0819,0.0092,0.40,0.0043
2024-05-24:15,42,19,0.0660,0.0073,0.26,0.0031
2024-05-24:14,39,16,0.0636,0.0069,0.24,0.0030
2024-05-24:13,33,8,0.0608,0.0064,0.23,0.0028
2024-05-24:12,27,10,0.0583,0.0066,0.23,0.0034
2024-05-24:11,29,16,0.0550,0.0078,0.24,0.0035
2024-05-24:10,28,19,0.0487,0.0087,0.24,0.0032
2024-05-24:09,22,12,0.0403,0.0101,0.25,0.0029
2024-05-24:08,27,18,0.0297,0.0129,0.27,0.0028
2024-05-24:07,30,17,0.0261,0.0140,0.26,0.0027
2024-05-24:06,30,20,0.0234,0.0135,0.26,0.0023
2024-05-24:05,31,19,0.0250,0.0126,0.26,0.0023
2024-05-24:04,28,20,0.0317,0.0113,0.25,0.0025
2024-05-24:03,31,20,0.0366,0.0098,0.26,0.0028
2024-05-24:02,31,22,0.0414,0.0098,0.25,0.0026
2024-05-24:01,33,22,0.0425,0.0110,0.27,0.0025
2024-05-23:24,34,17,0.0469,0.0110,0.27,0.0029
2024-05-23:23,35,20,0.0477,0.0123,0.26,0.0026
2024-05-23:22,39,21,0.0464,0.0148,0.28,0.0026
2024-05-23:21,41,22,0.0544,0.0131,0.28,0.0026
2024-05-23:20,44,23,0.0661,0.0113,0.27,0.0026
2024-05-23:19,41,20,0.0718,0.0102,0.28,0.0027
2024-05-23:18,37,16,0.0715,0.0079,0.26,0.0026
2024-05-23:17,38,13,0.0654,0.0075,0.25,0.0024
2024-05-23:16,37,15,0.0661,0.0067,0.24,0.0025
2024-05-23:15,32,15,0.0679,0.0071,0.26,0.0024
2024-05-23:14,30,13,0.0699,0.0077,0.26,0.0027
2024-05-23:13,33,16,0.0689,0.0083,0.28,0.0025
2024-05-23:12,32,15,0.0692,0.0088,0.28,0.0026
2024-05-23:11,34,21,0.0646,0.0102,0.30,0.0024
2024-05-23:10,33,22,0.0574,0.0108,0.32,0.0024
2024-05-23:09,30,21,0.0433,0.0111,0.33,0.0026
2024-05-23:08,32,25,0.0236,0.0135,0.36,0.0025
2024-05-23:07,34,24,0.0147,0.0152,0.39,0.0022
2024-05-23:06,34,29,0.0159,0.0157,0.39,0.0025
2024-05-23:05,34,25,0.0197,0.0143,0.40,0.0027
2024-05-23:04,31,24,0.0229,0.0148,0.38,0.0023
2024-05-23:03,31,22,0.0272,0.0138,0.39,0.0025
2024-05-23:02,29,24,0.0307,0.0149,0.37,0.0024
2024-05-23:01,31,24,0.0339,0.0159,0.36,0.0025
2024-05-22:24,29,20,0.0435,0.0145,0.35,0.0026
2024-05-22:23,31,18,0.0535,0.0132,0.35,0.0032
2024-05-22:22,33,22,0.0599,0.0127,0.36,0.0035
2024-05-22:21,40,22,0.0662,0.0137,0.42,0.0041
2024-05-22:20,42,25,0.0737,0.0153,0.53,0.0055
2024-05-22:19,36,22,0.0763,0.0178,0.72,0.0075
2024-05-22:18,31,25,0.0722,0.0117,0.31,0.0031
2024-05-22:17,32,19,0.0732,0.0104,0.28,0.0025
2024-05-22:16,28,20,0.0732,0.0095,0.28,0.0024
2024-05-22:15,24,16,0.0657,0.0088,0.27,0.0023
2024-05-22:14,27,18,0.0619,0.0090,0.27,0.0022
2024-05-22:13,30,18,0.0622,0.0092,0.28,0.0023
2024-05-22:12,33,22,0.0577,0.0098,0.28,0.0022
2024-05-22:11,38,25,0.0615,0.0099,0.31,0.0023
2024-05-22:10,35,25,0.0507,0.0109,0.30,0.0023
2024-05-22:09,29,21,0.0372,0.0117,0.30,0.0024
2024-05-22:08,28,19,0.0203,0.0133,0.30,0.0023
2024-05-22:07,27,19,0.0118,0.0147,0.28,0.0023
2024-05-22:06,29,18,0.0137,0.0140,0.28,0.0024
2024-05-22:05,28,22,0.0193,0.0120,0.28,0.0022
2024-05-22:04,30,19,0.0249,0.0112,0.28,0.0022
2024-05-22:03,31,20,0.0327,0.0106,0.27,0.0024
2024-05-22:02,34,18,0.0396,0.0106,0.27,0.0025
2024-05-22:01,32,20,0.0435,0.0113,0.28,0.0026
2024-05-21:24,34,21,0.0446,0.0126,0.29,0.0025
2024-05-21:23,34,20,0.0503,0.0136,0.29,0.0025
2024-05-21:22,35,19,0.0607,0.0123,0.28,0.0024
2024-05-21:21,38,22,0.0675,0.0123,0.28,0.0027
2024-05-21:20,45,20,0.0765,0.0120,0.30,0.0029
2024-05-21:19,43,24,0.0828,0.0116,0.32,0.0031
2024-05-21:18,38,27,0.0743,0.0100,0.34,0.0027
2024-05-21:17,45,31,0.0652,0.0094,0.36,0.0022
2024-05-21:16,40,36,0.0641,0.0090,0.35,0.0023
2024-05-21:15,39,26,0.0629,0.0090,0.34,0.0023
2024-05-21:14,41,26,0.0640,0.0089,0.34,0.0027
2024-05-21:13,39,25,0.0661,0.0092,0.34,0.0026
2024-05-21:12,38,29,0.0651,0.0092,0.35,0.0027
2024-05-21:11,34,28,0.0620,0.0095,0.34,0.0031
2024-05-21:10,27,14,0.0538,0.0101,0.31,0.0027
2024-05-21:09,18,11,0.0338,0.0118,0.27,0.0024
2024-05-21:08,19,14,0.0186,0.0133,0.25,0.0024
2024-05-21:07,20,14,0.0134,0.0131,0.24,0.0025
2024-05-21:06,21,15,0.0133,0.0128,0.25,0.0025
2024-05-21:05,21,14,0.0175,0.0113,0.24,0.0022
2024-05-21:04,21,14,0.0210,0.0106,0.24,0.0022
2024-05-21:03,22,11,0.0199,0.0121,0.25,0.0022
2024-05-21:02,19,12,0.0213,0.0122,0.24,0.0024
2024-05-21:01,21,12,0.0227,0.0142,0.25,0.0024
2024-05-20:24,20,13,0.0216,0.0163,0.26,0.0026
2024-05-20:23,19,10,0.0253,0.0145,0.25,0.0022
2024-05-20:22,19,8,0.0357,0.0092,0.25,0.0026
2024-05-20:21,21,9,0.0356,0.0117,0.24,0.0025
2024-05-20:20,19,10,0.0389,0.0122,0.26,0.0023
2024-05-20:19,20,8,0.0564,0.0068,0.24,0.0026
2024-05-20:18,18,9,0.0589,0.0055,0.23,0.0027
2024-05-20:17,11,5,0.0579,0.0053,0.23,0.0025
2024-05-20:16,10,5,0.0571,0.0048,0.22,0.0026
2024-05-20:15,8,3,0.0565,0.0041,0.23,0.0022
2024-05-20:14,5,3,0.0573,0.0040,0.21,0.0022
2024-05-20:13,4,1,0.0574,0.0045,0.21,0.0025
2024-05-20:12,9,7,0.0595,0.0049,0.21,0.0032
2024-05-20:11,19,8,0.0608,0.0064,0.23,0.0043
2024-05-20:10,8,8,0.0435,0.0089,0.23,0.0031
2024-05-20:09,7,7,0.0355,0.0087,0.23,0.0029
2024-05-20:08,9,5,0.0294,0.0100,0.24,0.0028
2024-05-20:07,13,6,0.0201,0.0116,0.24,0.0025
2024-05-20:06,13,9,0.0227,0.0102,0.24,0.0027
2024-05-20:05,12,11,0.0253,0.0095,0.24,0.0023
2024-05-20:04,13,12,0.0263,0.0102,0.24,0.0023
2024-05-20:03,12,10,0.0321,0.0081,0.24,0.0028
2024-05-20:02,16,10,0.0345,0.0080,0.24,0.0024
2024-05-20:01,18,14,0.0406,0.0079,0.24,0.0024
2024-05-19:24,17,13,0.0400,0.0095,0.25,0.0025
2024-05-19:23,15,12,0.0372,0.0107,0.26,0.0026
2024-05-19:22,16,12,0.0361,0.0130,0.26,0.0024
2024-05-19:21,15,12,0.0324,0.0131,0.27,0.0025
2024-05-19:20,14,6,0.0366,0.0111,0.25,0.0027
2024-05-19:19,11,7,0.0491,0.0071,0.24,0.0024
2024-05-19:18,13,9,0.0587,0.0055,0.25,0.0025
2024-05-19:17,15,9,0.0585,0.0048,0.26,0.0023
2024-05-19:16,10,6,0.0571,0.0046,0.24,0.0022
2024-05-19:15,7,4,0.0572,0.0040,0.22,0.0022
2024-05-19:14,4,2,0.0562,0.0041,0.22,0.0020
2024-05-19:13,7,1,0.0559,0.0046,0.22,0.0022
2024-05-19:12,9,6,0.0553,0.0049,0.24,0.0022
2024-05-19:11,10,4,0.0492,0.0060,0.24,0.0025
2024-05-19:10,3,,0.0409,0.0065,0.25,0.0023
2024-05-19:09,6,3,0.0326,0.0066,0.26,0.0023
2024-05-19:08,6,6,0.0221,0.0073,0.27,0.0024
2024-05-19:07,12,7,0.0143,0.0083,0.28,0.0024
2024-05-19:06,11,8,0.0137,0.0090,0.29,0.0022
2024-05-19:05,13,9,0.0174,0.0080,0.31,0.0023
2024-05-19:04,14,12,0.0180,0.0090,0.34,0.0023
2024-05-19:03,17,12,0.0198,0.0101,0.38,0.0023
2024-05-19:02,19,13,0.0221,0.0105,0.41,0.0024
2024-05-19:01,22,17,0.0234,0.0124,0.42,0.0025
2024-05-18:24,24,18,0.0268,0.0127,0.44,0.0025
2024-05-18:23,23,15,0.0312,0.0123,0.44,0.0026
2024-05-18:22,23,11,0.0363,0.0118,0.42,0.0027
2024-05-18:21,21,13,0.0460,0.0129,0.45,0.0036
2024-05-18:20,20,7,0.0646,0.0114,0.49,0.0048
2024-05-18:19,26,17,0.0718,0.0109,0.49,0.0051
2024-05-18:18,19,13,0.0812,0.0090,0.40,0.0044
2024-05-18:17,20,10,0.0895,0.0089,0.40,0.0048
2024-05-18:16,29,17,0.1001,0.0097,0.44,0.0054
2024-05-18:15,25,15,0.1098,0.0098,0.56,0.0063
2024-05-18:14,14,5,0.0632,0.0059,0.29,0.0028
2024-05-18:13,9,5,0.0561,0.0048,0.23,0.0024
2024-05-18:12,9,7,0.0531,0.0057,0.24,0.0023
2024-05-18:11,11,2,0.0488,0.0063,0.24,0.0023
2024-05-18:10,8,4,0.0423,0.0069,0.26,0.0022
2024-05-18:09,11,4,0.0290,0.0079,0.25,0.0024
2024-05-18:08,17,10,0.0194,0.0084,0.25,0.0022
2024-05-18:07,14,10,0.0127,0.0092,0.25,0.0021
2024-05-18:06,14,10,0.0125,0.0103,0.26,0.0024
2024-05-18:05,13,11,0.0138,0.0098,0.26,0.0022
2024-05-18:04,14,9,0.0160,0.0101,0.27,0.0022
2024-05-18:03,16,11,0.0166,0.0118,0.27,0.0021
2024-05-18:02,15,10,0.0206,0.0113,0.27,0.0023
2024-05-18:01,16,11,0.0210,0.0142,0.27,0.0022
2024-05-17:24,17,10,0.0261,0.0135,0.28,0.0021
2024-05-17:23,16,10,0.0309,0.0114,0.27,0.0025
2024-05-17:22,18,11,0.0369,0.0099,0.26,0.0023
2024-05-17:21,20,11,0.0394,0.0122,0.31,0.0022
2024-05-17:20,20,8,0.0553,0.0109,0.28,0.0025
2024-05-17:19,19,8,0.0661,0.0080,0.27,0.0026
2024-05-17:18,16,10,0.0682,0.0074,0.26,0.0027
2024-05-17:17,18,7,0.0689,0.0078,0.27,0.0028
2024-05-17:16,16,9,0.0690,0.0075,0.27,0.0026
2024-05-17:15,13,7,0.0690,0.0067,0.27,0.0028
2024-05-17:14,16,12,0.0643,0.0065,0.27,0.0027
2024-05-17:13,21,8,,,,
2024-05-17:12,21,5,0.0665,0.0065,0.30,0.0025
2024-05-17:11,17,5,0.0627,0.0069,0.29,0.0024
2024-05-17:10,16,6,0.0608,0.0073,0.31,0.0028
2024-05-17:09,23,15,0.0598,0.0104,0.37,0.0025
2024-05-17:08,24,14,0.0516,0.0121,0.39,0.0024
2024-05-17:07,25,12,0.0490,0.0105,0.37,0.0024
2024-05-17:06,28,17,0.0443,0.0106,0.36,0.0025
2024-05-17:05,28,14,0.0535,0.0087,0.35,0.0025
2024-05-17:04,21,13,0.0432,0.0089,0.34,0.0026
2024-05-17:03,19,12,0.0370,0.0102,0.33,0.0025
2024-05-17:02,18,13,0.0422,0.0086,0.33,0.0022
2024-05-17:01,21,12,0.0471,0.0078,0.33,0.0024
2024-05-16:24,22,14,0.0532,0.0088,0.34,0.0024
2024-05-16:23,20,11,0.0593,0.0089,0.34,0.0026
2024-05-16:22,23,13,0.0661,0.0080,0.33,0.0029
2024-05-16:21,24,10,0.0720,0.0070,0.33,0.0029
2024-05-16:20,26,10,0.0751,0.0061,0.32,0.0030
2024-05-16:19,22,10,0.0767,0.0058,0.32,0.0028
2024-05-16:18,21,8,0.0739,0.0056,0.32,0.0031
2024-05-16:17,23,6,0.0732,0.0056,0.31,0.0031
2024-05-16:16,21,7,0.0713,0.0051,0.29,0.0029
2024-05-16:15,20,6,0.0669,0.0048,0.27,0.0028
2024-05-16:14,20,4,0.0595,0.0047,0.26,0.0024
2024-05-16:13,16,4,0.0544,0.0043,0.25,0.0024
2024-05-16:12,6,3,0.0496,0.0043,0.24,0.0023
2024-05-16:11,6,2,0.0461,0.0043,0.23,0.0023
2024-05-16:10,5,0,0.0447,0.0039,0.23,0.0022
2024-05-16:09,4,0,0.0439,0.0042,0.23,0.0022
2024-05-16:08,5,0,0.0433,0.0044,0.23,0.0022
2024-05-16:07,5,1,0.0438,0.0042,0.22,0.0023
2024-05-16:06,4,0,0.0463,0.0043,0.22,0.0022
2024-05-16:05,2,1,0.0455,0.0043,0.23,0.0023
2024-05-16:04,3,2,0.0437,0.0045,0.24,0.0023
2024-05-16:03,3,1,0.0436,0.0048,0.25,0.0022
2024-05-16:02,2,1,0.0470,0.0048,0.23,0.0024
2024-05-16:01,3,2,0.0485,0.0050,0.24,0.0022
2024-05-15:24,5,5,0.0492,0.0049,0.24,0.0021
2024-05-15:23,9,4,0.0501,0.0047,0.24,0.0022
2024-05-15:22,11,2,0.0519,0.0046,0.23,0.0021
2024-05-15:21,6,3,0.0532,0.0047,0.23,0.0019
2024-05-15:20,6,2,0.0550,0.0056,0.24,0.0023
2024-05-15:19,31,13,0.0597,0.0058,0.26,0.0024
2024-05-15:18,48,16,0.0658,0.0068,0.30,0.0024
2024-05-15:17,39,14,0.0775,0.0059,0.28,0.0021
2024-05-15:16,34,14,0.0778,0.0051,0.28,0.0027
2024-05-15:15,27,13,0.0755,0.0049,0.27,0.0025
2024-05-15:14,22,11,0.0722,0.0048,0.26,0.0022
2024-05-15:13,13,12,0.0655,0.0044,0.25,0.0023
2024-05-15:12,11,8,0.0633,0.0044,0.23,0.0022
2024-05-15:11,9,5,0.0578,0.0056,0.25,0.0024
2024-05-15:10,8,4,0.0523,0.0062,0.26,0.0024
2024-05-15:09,10,8,0.0428,0.0075,0.26,0.0026
2024-05-15:08,16,13,0.0277,0.0085,0.28,0.0024
2024-05-15:07,21,15,0.0174,0.0100,0.28,0.0023
2024-05-15:06,18,16,0.0164,0.0103,0.29,0.0022
2024-05-15:05,22,17,0.0181,0.0099,0.30,0.0024
2024-05-15:04,24,18,0.0202,0.0093,0.32,0.0024
2024-05-15:03,24,19,0.0204,0.0110,0.35,0.0024
2024-05-15:02,27,21,0.0246,0.0108,0.38,0.0024
2024-05-15:01,28,21,0.0258,0.0131,0.40,0.0023
2024-05-14:24,28,24,0.0314,0.0144,0.44,0.0023
2024-05-14:23,27,19,0.0367,0.0138,0.43,0.0024
2024-05-14:22,30,18,0.0431,0.0135,0.44,0.0030
2024-05-14:21,31,17,0.0492,0.0139,0.47,0.0033
2024-05-14:20,36,17,0.0793,0.0133,0.51,0.0049
2024-05-14:19,30,26,0.0936,0.0122,0.53,0.0054
2024-05-14:18,24,20,0.1020,0.0096,0.57,0.0055
2024-05-14:17,20,15,0.0733,0.0066,0.35,0.0029
2024-05-14:16,17,14,0.0712,0.0054,0.26,0.0026
2024-05-14:15,16,8,0.0706,0.0053,0.26,0.0026
2024-05-14:14,17,9,0.0706,0.0057,0.27,0.0027
2024-05-14:13,15,11,0.0713,0.0057,0.27,0.0023
2024-05-14:12,19,11,0.0670,0.0064,0.28,0.0023
2024-05-14:11,21,13,0.0609,0.0070,0.31,0.0028
2024-05-14:10,16,16,0.0488,0.0078,0.32,0.0024
2024-05-14:09,14,10,0.0322,0.0089,0.34,0.0024
2024-05-14:08,19,14,0.0157,0.0095,0.35,0.0021
2024-05-14:07,22,15,0.0101,0.0113,0.37,0.0020
2024-05-14:06,24,14,0.0098,0.0111,0.37,0.0023
2024-05-14:05,26,13,0.0111,0.0105,0.39,0.0024
2024-05-14:04,26,14,0.0139,0.0100,0.39,0.0023
2024-05-14:03,28,14,0.0181,0.0112,0.40,0.0022
2024-05-14:02,29,16,0.0224,0.0122,0.39,0.0022
2024-05-14:01,32,15,0.0298,0.0109,0.44,0.0025
2024-05-13:24,33,17,0.0330,0.0107,0.41,0.0025
2024-05-13:23,35,15,0.0361,0.0107,0.39,0.0021
2024-05-13:22,37,17,0.0582,0.0078,0.31,0.0026
2024-05-13:21,38,16,0.0628,0.0080,0.30,0.0028
2024-05-13:20,45,20,0.0667,0.0081,0.31,0.0027
2024-05-13:19,28,19,0.0674,0.0075,0.33,0.0029
2024-05-13:18,16,7,0.0610,0.0049,0.25,0.0023
2024-05-13:17,16,11,0.0616,0.0047,0.25,0.0025
2024-05-13:16,16,12,0.0604,0.0048,0.26,0.0024
2024-05-13:15,23,11,0.0588,0.0051,0.26,0.0023
2024-05-13:14,22,11,0.0577,0.0049,0.27,0.0025
2024-05-13:13,23,9,0.0561,0.0050,0.27,0.0025
2024-05-13:12,26,7,0.0537,0.0051,0.27,0.0029
2024-05-13:11,26,7,0.0483,0.0062,0.29,0.0023
2024-05-13:10,24,6,0.0373,0.0074,0.30,0.0024
2024-05-13:09,19,10,0.0300,0.0080,0.29,0.0025
2024-05-13:08,20,8,0.0216,0.0089,0.30,0.0025
2024-05-13:07,23,10,0.0154,0.0103,0.28,0.0020
2024-05-13:06,24,10,0.0166,0.0099,0.27,0.0021
2024-05-13:05,27,11,0.0223,0.0081,0.28,0.0024
2024-05-13:04,29,12,0.0263,0.0075,0.27,0.0019
2024-05-13:03,33,13,0.0317,0.0074,0.27,0.0023
2024-05-13:02,36,12,0.0342,0.0078,0.28,0.0024
2024-05-13:01,41,12,0.0413,0.0073,0.27,0.0023
2024-05-12:24,43,12,0.0475,0.0064,0.27,0.0024
2024-05-12:23,43,15,0.0501,0.0061,0.28,0.0025
2024-05-12:22,48,17,0.0531,0.0063,0.27,0.0022
2024-05-12:21,52,12,0.0559,0.0066,0.27,0.0025
2024-05-12:20,66,20,0.0574,0.0062,0.26,0.0024
2024-05-12:19,76,21,0.0590,0.0061,0.26,0.0023
2024-05-12:18,79,15,0.0585,0.0058,0.26,0.0026
2024-05-12:17,77,17,0.0557,0.0054,0.26,0.0023
2024-05-12:16,90,22,0.0535,0.0052,0.26,0.0025
2024-05-12:15,98,23,0.0537,0.0047,0.27,0.0023
2024-05-12:14,99,26,0.0542,0.0045,0.26,0.0021
2024-05-12:13,110,29,0.0528,0.0048,0.26,0.0022
2024-05-12:12,132,28,0.0511,0.0047,0.25,0.0023
2024-05-12:11,155,34,0.0461,0.0055,0.25,0.0024
2024-05-12:10,125,23,0.0444,0.0062,0.26,0.0022
2024-05-12:09,50,9,0.0448,0.0073,0.27,0.0022
2024-05-12:08,9,2,0.0399,0.0084,0.28,0.0022
2024-05-12:07,9,3,0.0356,0.0082,0.29,0.0023
2024-05-12:06,10,4,0.0368,0.0085,0.30,0.0023
2024-05-12:05,6,4,0.0410,0.0081,0.31,0.0022
2024-05-12:04,7,2,0.0429,0.0084,0.33,0.0022
2024-05-12:03,5,1,0.0452,0.0084,0.32,0.0024
2024-05-12:02,7,1,0.0447,0.0084,0.28,0.0022
2024-05-12:01,10,0,0.0392,0.0082,0.25,0.0022
2024-05-11:24,3,0,0.0445,0.0076,0.24,0.0022
2024-05-11:23,6,2,0.0430,0.0082,0.27,0.0025
2024-05-11:22,7,7,0.0413,0.0082,0.24,0.0023
2024-05-11:21,9,6,0.0451,0.0074,0.22,0.0023
2024-05-11:20,18,8,0.0463,0.0075,0.24,0.0024
2024-05-11:19,18,7,0.0489,0.0069,0.24,0.0025
2024-05-11:18,15,6,0.0497,0.0075,0.27,0.0028
2024-05-11:17,14,10,0.0537,0.0067,0.23,0.0023
2024-05-11:16,16,8,0.0552,0.0070,0.24,0.0026
2024-05-11:15,19,5,0.0574,0.0067,0.24,0.0027
2024-05-11:14,19,7,0.0559,0.0071,0.25,0.0026
2024-05-11:13,16,14,0.0556,0.0065,0.24,0.0025
2024-05-11:12,13,10,0.0552,0.0064,0.24,0.0024
2024-05-11:11,15,4,0.0544,0.0065,0.24,0.0023
2024-05-11:10,10,6,0.0520,0.0063,0.24,0.0023
2024-05-11:09,12,6,0.0332,0.0097,0.28,0.0025
2024-05-11:08,11,7,0.0196,0.0088,0.28,0.0021
2024-05-11:07,13,10,0.0160,0.0094,0.28,0.0023
2024-05-11:06,14,11,0.0172,0.0085,0.29,0.0024
2024-05-11:05,14,10,0.0183,0.0095,0.29,0.0020
2024-05-11:04,16,11,0.0254,0.0083,0.30,0.0024
2024-05-11:03,14,12,0.0323,0.0079,0.30,0.0026
2024-05-11:02,15,7,0.0425,0.0074,0.27,0.0026
2024-05-11:01,17,10,0.0554,0.0070,0.27,0.0027
2024-05-10:24,14,9,0.0544,0.0074,0.28,0.0031
2024-05-10:23,14,8,0.0525,0.0085,0.31,0.0032
2024-05-10:22,20,10,0.0532,0.0098,0.36,0.0039
2024-05-10:21,17,15,0.0565,0.0103,0.40,0.0041
2024-05-10:20,22,8,0.0592,0.0099,0.38,0.0044
2024-05-10:19,23,8,0.0604,0.0081,0.34,0.0032
2024-05-10:18,23,7,0.0639,0.0066,0.28,0.0026
2024-05-10:17,24,8,0.0675,0.0056,0.26,0.0025
2024-05-10:16,22,11,0.0711,0.0053,0.26,0.0024
2024-05-10:15,28,19,0.0849,0.0074,0.37,0.0032
2024-05-10:14,25,19,0.0745,0.0068,0.41,0.0031
2024-05-10:13,22,14,0.0626,0.0065,0.29,0.0024
2024-05-10:12,23,12,0.0627,0.0067,0.30,0.0025
2024-05-10:11,19,16,0.0616,0.0066,0.31,0.0026
2024-05-10:10,17,11,0.0560,0.0068,0.30,0.0026
2024-05-10:09,15,10,0.0439,0.0078,0.32,0.0024
2024-05-10:08,13,10,0.0276,0.0097,0.29,0.0023
2024-05-10:07,15,12,0.0165,0.0127,0.27,0.0023
2024-05-10:06,15,10,0.0192,0.0099,0.26,0.0022
2024-05-10:05,15,9,0.0197,0.0119,0.27,0.0026
2024-05-10:04,16,12,0.0240,0.0096,0.26,0.0023
2024-05-10:03,15,9,0.0244,0.0093,0.26,0.0023
2024-05-10:02,13,10,0.0277,0.0088,0.26,0.0024
2024-05-10:01,13,9,0.0344,0.0067,0.25,0.0023
2024-05-09:24,14,9,0.0331,0.0081,0.25,0.0023
2024-05-09:23,13,7,0.0380,0.0072,0.24,0.0024
2024-05-09:22,12,7,0.0440,0.0060,0.25,0.0023
2024-05-09:21,14,6,0.0424,0.0085,0.26,0.0024
2024-05-09:20,11,9,0.0514,0.0057,0.24,0.0024
2024-05-09:19,15,11,0.0546,0.0050,0.25,0.0025
2024-05-09:18,14,8,0.0563,0.0053,0.25,0.0023
2024-05-09:17,13,8,0.0544,0.0052,0.25,0.0025
2024-05-09:16,17,13,0.0529,0.0052,0.25,0.0024
2024-05-09:15,12,8,0.0499,0.0046,0.25,0.0021
2024-05-09:14,18,11,,,,
2024-05-09:13,14,10,0.0543,0.0060,0.26,0.0023
2024-05-09:12,14,7,0.0549,0.0062,0.27,0.0025
2024-05-09:11,17,7,0.0483,0.0075,0.27,0.0023
2024-05-09:10,10,5,0.0270,0.0088,0.28,0.0024
2024-05-09:09,8,3,0.0126,0.0086,0.27,0.0021
2024-05-09:08,10,6,0.0088,0.0084,0.27,0.0022
2024-05-09:07,6,6,0.0065,0.0083,0.26,0.0022
2024-05-09:06,8,7,0.0062,0.0082,0.26,0.0022
2024-05-09:05,10,8,0.0078,0.0082,0.25,0.0022
2024-05-09:04,11,6,0.0081,0.0079,0.26,0.0023
2024-05-09:03,12,7,0.0077,0.0084,0.26,0.0022
2024-05-09:02,11,7,0.0063,0.0094,0.26,0.0023
2024-05-09:01,13,7,0.0091,0.0096,0.26,0.0022
2024-05-08:24,15,8,0.0068,0.0132,0.27,0.0021
2024-05-08:23,14,8,0.0142,0.0092,0.25,0.0022
2024-05-08:22,16,7,0.0154,0.0103,0.26,0.0025
2024-05-08:21,15,9,0.0225,0.0096,0.27,0.0022
2024-05-08:20,16,8,0.0293,0.0091,0.27,0.0022
2024-05-08:19,15,8,0.0383,0.0077,0.26,0.0024
2024-05-08:18,15,10,0.0422,0.0071,0.25,0.0023
2024-05-08:17,16,12,0.0469,0.0054,0.25,0.0023
2024-05-08:16,14,9,0.0501,0.0047,0.24,0.0020
2024-05-08:15,11,4,0.0512,0.0044,0.23,0.0023
2024-05-08:14,14,4,0.0494,0.0050,0.24,0.0023
2024-05-08:13,14,2,0.0465,0.0056,0.24,0.0023
2024-05-08:12,12,10,0.0455,0.0053,0.25,0.0021
2024-05-08:11,10,3,0.0451,0.0053,0.25,0.0023
2024-05-08:10,7,6,0.0386,0.0059,0.25,0.0022
2024-05-08:09,10,3,0.0313,0.0077,0.26,0.0019
2024-05-08:08,9,3,0.0295,0.0082,0.26,0.0022
2024-05-08:07,10,5,0.0312,0.0073,0.26,0.0021
2024-05-08:06,10,4,0.0294,0.0076,0.26,0.0023
2024-05-08:05,7,1,0.0288,0.0070,0.25,0.0023
2024-05-08:04,5,3,0.0305,0.0071,0.24,0.0020
2024-05-08:03,4,1,0.0339,0.0075,0.24,0.0022
2024-05-08:02,2,1,0.0369,0.0068,0.23,0.0022
2024-05-08:01,3,1,0.0379,0.0061,0.24,0.0023
2024-05-07:24,1,0,0.0359,0.0071,0.25,0.0023
2024-05-07:23,4,2,0.0382,0.0071,0.25,0.0021
2024-05-07:22,3,2,0.0395,0.0068,0.25,0.0021
2024-05-07:21,7,7,0.0338,0.0086,0.33,0.0021
2024-05-07:20,9,7,0.0357,0.0112,0.38,0.0021
2024-05-07:19,12,8,0.0407,0.0101,0.40,0.0025
2024-05-07:18,13,9,0.0424,0.0098,0.39,0.0024
2024-05-07:17,15,11,0.0442,0.0096,0.38,0.0020
2024-05-07:16,16,13,0.0446,0.0089,0.36,0.0022
2024-05-07:15,17,10,0.0470,0.0082,0.36,0.0021
2024-05-07:14,14,11,0.0501,0.0075,0.35,0.0021
2024-05-07:13,13,9,0.0506,0.0073,0.36,0.0024
2024-05-07:12,21,20,0.0478,0.0084,0.39,0.0022
2024-05-07:11,32,28,0.0478,0.0087,0.42,0.0022
2024-05-07:10,31,19,0.0442,0.0098,0.42,0.0025
2024-05-07:09,25,17,0.0394,0.0106,0.41,0.0024
2024-05-07:08,21,16,0.0414,0.0100,0.41,0.0022
2024-05-07:07,23,21,0.0410,0.0097,0.41,0.0025
2024-05-07:06,19,13,0.0351,0.0093,0.41,0.0021
2024-05-07:05,18,12,0.0294,0.0098,0.40,0.0022
2024-05-07:04,17,12,0.0325,0.0083,0.41,0.0023
2024-05-07:03,18,14,0.0362,0.0079,0.41,0.0023
2024-05-07:02,17,13,0.0414,0.0080,0.41,0.0025
2024-05-07:01,15,11,0.0346,0.0092,0.40,0.0023
2024-05-06:24,19,15,0.0416,0.0089,0.39,0.0023
2024-05-06:23,21,14,0.0413,0.0091,0.41,0.0024
2024-05-06:22,22,21,0.0383,0.0101,0.42,0.0023
2024-05-06:21,24,20,0.0375,0.0099,0.43,0.0019
2024-05-06:20,21,17,0.0517,0.0084,0.42,0.0023
2024-05-06:19,18,16,0.0549,0.0084,0.42,0.0021
2024-05-06:18,18,17,0.0596,0.0072,0.40,0.0025
2024-05-06:17,21,13,0.0600,0.0072,0.42,0.0023
2024-05-06:16,17,,0.0577,0.0075,0.40,0.0021
2024-05-06:15,10,,0.0604,0.0070,0.41,0.0023
2024-05-06:14,7,4,0.0553,0.0076,0.36,0.0020
2024-05-06:13,8,4,0.0490,0.0079,0.32,0.0020
2024-05-06:12,7,1,0.0471,0.0080,0.29,0.0024
2024-05-06:11,7,5,0.0421,0.0089,0.32,0.0020
2024-05-06:10,4,4,0.0403,0.0086,0.32,0.0023
2024-05-06:09,3,2,0.0402,0.0084,0.34,0.0025
2024-05-06:08,6,3,0.0404,0.0085,0.36,0.0025
2024-05-06:07,6,4,0.0412,0.0085,0.42,0.0023
2024-05-06:06,8,1,0.0320,0.0092,0.38,0.0021
2024-05-06:05,7,2,0.0270,0.0094,0.25,0.0025
2024-05-06:04,5,,0.0302,0.0094,0.22,0.0024
2024-05-06:03,2,0,0.0358,0.0086,0.22,0.0021
2024-05-06:02,2,0,0.0410,0.0077,0.21,0.0023
2024-05-06:01,4,0,0.0420,0.0077,0.21,0.0023
2024-05-05:24,3,0,0.0414,0.0077,0.21,0.0021
2024-05-05:23,3,0,0.0418,0.0077,0.21,0.0020
2024-05-05:22,3,0,0.0432,0.0075,0.21,0.0024
2024-05-05:21,2,1,0.0428,0.0077,0.21,0.0023
2024-05-05:20,2,2,0.0422,0.0079,0.22,0.0021
2024-05-05:19,2,0,0.0447,0.0077,0.21,0.0023
2024-05-05:18,2,0,0.0456,0.0076,0.21,0.0021
2024-05-05:17,2,0,0.0453,0.0078,0.22,0.0023
2024-05-05:16,4,3,0.0454,0.0078,0.21,0.0020
2024-05-05:15,4,,0.0458,0.0075,0.22,0.0024
2024-05-05:14,3,,0.0462,0.0074,0.22,0.0024
2024-05-05:13,4,4,0.0471,0.0073,0.21,0.0027
2024-05-05:12,1,,0.0462,0.0076,0.22,0.0028
2024-05-05:11,5,3,0.0458,0.0075,0.23,0.0026
2024-05-05:10,6,4,0.0439,0.0081,0.22,0.0029
2024-05-05:09,7,2,0.0451,0.0077,0.22,0.0024
2024-05-05:08,6,3,0.0458,0.0073,0.23,0.0024
2024-05-05:07,7,,0.0431,0.0074,0.24,0.0033
2024-05-05:06,8,8,0.0452,0.0072,0.24,0.0034
2024-05-05:05,9,9,0.0461,0.0072,0.25,0.0029
2024-05-05:04,12,11,0.0454,0.0075,0.26,0.0027
2024-05-05:03,20,16,0.0455,0.0072,0.26,0.0027
2024-05-05:02,25,19,0.0494,0.0069,0.27,0.0030
2024-05-05:01,19,17,0.0531,0.0064,0.26,0.0040
2024-05-04:24,18,18,0.0536,0.0061,0.26,0.0039
2024-05-04:23,20,16,0.0527,0.0066,0.25,0.0038
2024-05-04:22,22,18,0.0502,0.0074,0.29,0.0043
2024-05-04:21,21,13,0.0492,0.0086,0.42,0.0050
2024-05-04:20,23,10,0.0501,0.0090,0.47,0.0051
2024-05-04:19,27,15,0.0535,0.0088,0.37,0.0042
2024-05-04:18,25,13,0.0626,0.0085,0.41,0.0046
2024-05-04:17,31,21,0.0675,0.0086,0.47,0.0054
2024-05-04:16,27,22,0.0716,0.0083,0.50,0.0056
2024-05-04:15,29,17,0.0609,0.0073,0.40,0.0046
2024-05-04:14,27,19,0.0635,0.0069,0.41,0.0042
2024-05-04:13,24,19,0.0721,0.0077,0.47,0.0048
2024-05-04:12,24,24,0.0669,0.0076,0.38,0.0032
2024-05-04:11,25,19,0.0665,0.0074,0.35,0.0029
2024-05-04:10,20,,0.0548,0.0080,0.36,0.0028
2024-05-04:09,18,16,0.0281,0.0091,0.36,0.0024
2024-05-04:08,19,17,0.0160,0.0107,0.35,0.0024
2024-05-04:07,24,22,0.0135,0.0105,0.35,0.0026
2024-05-04:06,26,22,0.0138,0.0104,0.35,0.0024
2024-05-04:05,26,24,0.0170,0.0101,0.36,0.0022
2024-05-04:04,26,21,0.0223,0.0100,0.36,0.0027
2024-05-04:03,27,22,0.0276,0.0094,0.36,0.0023
2024-05-04:02,26,22,0.0358,0.0091,0.37,0.0024
2024-05-04:01,29,26,0.0336,0.0112,0.39,0.0022
2024-05-03:24,32,28,0.0373,0.0109,0.39,0.0024
2024-05-03:23,31,25,0.0373,0.0131,0.37,0.0027
2024-05-03:22,30,27,0.0527,0.0112,0.35,0.0024
2024-05-03:21,30,18,0.0789,0.0090,0.32,0.0029
2024-05-03:20,32,19,0.0816,0.0094,0.33,0.0028
2024-05-03:19,38,23,0.0798,0.0091,0.34,0.0028
2024-05-03:18,23,15,0.0762,0.0068,0.31,0.0028
2024-05-03:17,18,10,0.0665,0.0056,0.26,0.0025
2024-05-03:16,20,11,0.0656,0.0050,0.26,0.0024
2024-05-03:15,17,10,0.0665,0.0047,0.26,0.0024
2024-05-03:14,15,9,0.0663,0.0048,0.26,0.0026
2024-05-03:13,21,12,0.0674,0.0061,0.28,0.0025
2024-05-03:12,24,16,0.0663,0.0068,0.29,0.0026
2024-05-03:11,20,15,0.0541,0.0085,0.31,0.0025
2024-05-03:10,19,18,0.0426,0.0080,0.31,0.0025
2024-05-03:09,18,13,0.0284,0.0087,0.30,0.0023
2024-05-03:08,20,17,0.0122,0.0103,0.30,0.0026
2024-05-03:07,18,16,0.0089,0.0119,0.29,0.0023
2024-05-03:06,19,17,0.0096,0.0108,0.28,0.0022
2024-05-03:05,20,16,0.0138,0.0089,0.29,0.0023
2024-05-03:04,19,16,0.0144,0.0092,0.28,0.0022
2024-05-03:03,19,16,0.0173,0.0087,0.29,0.0023
2024-05-03:02,19,18,0.0221,0.0077,0.29,0.0023
2024-05-03:01,18,17,0.0275,0.0078,0.29,0.0023
2024-05-02:24,22,17,0.0273,0.0094,0.29,0.0021
2024-05-02:23,22,15,0.0397,0.0101,0.29,0.0023
2024-05-02:22,24,15,0.0569,0.0082,0.28,0.0025
2024-05-02:21,31,16,0.0606,0.0078,0.29,0.0025
2024-05-02:20,31,17,0.0592,0.0075,0.29,0.0025
2024-05-02:19,24,14,0.0554,0.0081,0.28,0.0025
2024-05-02:18,23,14,0.0614,0.0063,0.26,0.0023
2024-05-02:17,21,12,0.0614,0.0049,0.27,0.0024
2024-05-02:16,18,10,0.0591,0.0050,0.27,0.0025
2024-05-02:15,20,12,0.0597,0.0046,0.26,0.0025
2024-05-02:14,23,14,0.0581,0.0052,0.26,0.0022
2024-05-02:13,22,14,0.0556,0.0053,0.27,0.0024
2024-05-02:12,,,0.0527,0.0051,0.26,0.0023
2024-05-02:11,,12,0.0466,0.0055,0.26,0.0023
2024-05-02:10,13,8,0.0313,0.0066,0.27,0.0023
2024-05-02:09,13,8,0.0232,0.0075,0.26,0.0025
2024-05-02:08,13,8,0.0143,0.0078,0.27,0.0022
2024-05-02:07,16,10,0.0086,0.0086,0.27,0.0020
2024-05-02:06,16,12,0.0103,0.0085,0.26,0.0023
2024-05-02:05,15,13,0.0115,0.0077,0.26,0.0021
2024-05-02:04,16,11,0.0142,0.0067,0.27,0.0022
2024-05-02:03,16,10,0.0138,0.0075,0.27,0.0023
2024-05-02:02,17,12,0.0172,0.0071,0.27,0.0022
2024-05-02:01,18,14,0.0186,0.0077,0.27,0.0023
2024-05-01:24,18,12,0.0175,0.0083,0.28,0.0024
2024-05-01:23,19,13,0.0241,0.0068,0.27,0.0024
2024-05-01:22,21,12,0.0254,0.0073,0.29,0.0023
2024-05-01:21,20,16,0.0269,0.0086,0.28,0.0024
2024-05-01:20,21,16,0.0340,0.0081,0.29,0.0025
2024-05-01:19,22,12,0.0397,0.0078,0.28,0.0025
2024-05-01:18,22,12,0.0524,0.0071,0.27,0.0022
2024-05-01:17,17,14,0.0564,0.0056,0.27,0.0023
2024-05-01:16,18,13,0.0516,0.0051,0.26,0.0024
2024-05-01:15,24,9,0.0505,0.0043,0.26,0.0023
2024-05-01:14,,,,,,
2024-05-01:13,,,,,,
2024-05-01:12,,,,,,
2024-05-01:11,7,3,0.0457,0.0059,0.26,0.0023
2024-05-01:10,7,5,0.0441,0.0072,0.26,0.0023
2024-05-01:09,5,5,0.0444,0.0077,0.27,0.0022
2024-05-01:08,8,6,0.0479,0.0068,0.28,0.0023
2024-05-01:07,6,5,0.0474,0.0071,0.28,0.0023
2024-05-01:06,6,3,0.0487,0.0065,0.28,0.0026
2024-05-01:05,5,1,0.0451,0.0068,0.30,0.0024
2024-05-01:04,6,2,0.0436,0.0067,0.33,0.0023
2024-05-01:03,8,7,0.0453,0.0073,0.31,0.0022
2024-05-01:02,6,4,0.0496,0.0072,0.30,0.0023
2024-05-01:01,11,10,0.0516,0.0078,0.31,0.0026
,,,,,,
,,,,,,
,,,,,,
